app_id,tingkat_bintang_1_2,tingkat_bintang_4_5_positif,tingkat_keluhan_tersembunyi,n_bintang_1_2,n_bintang_4_5_positif,n_keluhan_tersembunyi
cc.forestapp,0.9321,0.0271,0.1,383,221,40
com.anydo,0.8203,0.6842,0.6512,395,228,43
com.appgenix.bizcal,0.9595,0.0556,0.0769,395,216,52
com.appxy.planner,0.0207,0.0042,0.0,387,238,27
com.artfulagenda.app,0.5366,0.2353,0.25,41,85,4
com.gmail.jmartindev.timetune,0.9971,0.4365,0.84,344,252,25
com.habitnow,0.9492,0.5602,0.7059,59,241,17
com.habitrpg.android.habitica,0.6947,0.4429,0.5385,393,289,26
com.levor.liferpgtasks,0.9292,0.9358,0.9286,113,265,28
com.microsoft.todos,0.2727,0.0166,0.0,385,241,23
com.oristats.habitbull,0.0026,0.0,0.0417,390,270,24
com.tasks.android,0.9962,0.5771,0.85,260,279,20
com.ticktick.task,0.6393,0.0556,0.2647,377,252,34
com.todoist,0.4459,0.113,0.2273,388,292,22
prox.lab.calclock,0.7138,0.0285,0.2083,318,246,24
