review_id,kelompok,score,rating_class,pred,confidence,confidence_tier
gp:AOqpTOHR5pHFeQg-GnxdjwAhrWVbuya4lkxXZQV7EhRIK-6zAPcuQOVC312uosjgx9x0Mf-MryTrfDgJuSh7HPE,keluhan_tersembunyi,4,positive,negative,0.4135866512342688,rendah
gp:AOqpTOFqaaZIFARKxwUZwdxHgodi-fhKENyPq3M8ErG0R7B67o8dkY-KL5a2QOE9GCuBc_GXnI_-ssu9_tyIUQ,keluhan_tersembunyi,4,positive,negative,0.517852125907843,rendah
gp:AOqpTOGFxTUIpJp71UGd1radH2NKiy2KawVUGmxKyrs3GkcVZ0y10WEcnCDVwMrUYNLFpdbQ86FV7Gjx19E9AA,keluhan_tersembunyi,4,positive,negative,0.5180065510587858,rendah
gp:AOqpTOGc72RILH4_YPpAxF3wjPEk3TT54yiNPGQ9sXSb7ZbrMI9uIQdKou5eA91emzgSdSGQ1SvdzHKrqNG3FHM,keluhan_tersembunyi,5,positive,negative,0.4532157792405565,rendah
gp:AOqpTOE3MBzIBAKg2_9cGymV65xZVJWl1CqCocQMDY_v2tgA7IQSSqNkvpbvX43dDw0i0USBAAPqOecDNzOXXmw,keluhan_tersembunyi,4,positive,negative,0.3938783601828623,rendah
gp:AOqpTOEhb6B0U_EYrL31wkXbYes6v4SKz7POfnKPQjamUYQ-QWquKv7kwffC2YFfofQ6qcWowlgLjaKYUeYn0g,keluhan_tersembunyi,5,positive,negative,0.5679039915577456,rendah
gp:AOqpTOH1BYSocfFdgHMFydTM4vzh44h_dBtuJlOYKj_E1QZvTF3eOJ2DVO1xrP7bwo0KPRHmrmCPt7107t8ylq4,keluhan_tersembunyi,5,positive,negative,0.4478081640566693,rendah
gp:AOqpTOG9Jg3aOHErQtE9dfVTQwkk6Cr4__NR1J5BLnMcIBiDAnUK86OJ2riIQI2FjwuVU0ecqqJgmsmbbNj7GxA,keluhan_tersembunyi,4,positive,negative,0.6173526267871805,sedang
gp:AOqpTOEqWHdCgzHKlIZCrhYY1FuUdLZQ0b4Q_dVOz2p2eAlQG9WoFoyMRAGHJA23oaN4HtrftfEBZ4dczMF6Ews,keluhan_tersembunyi,4,positive,negative,0.5017146670289006,rendah
gp:AOqpTOECfv7RGhVuDNIW6zenlQWXThdr-ZmlmrqUjUCbrQg2WifdTbX_OZOOJLSJpM2V11kFawqy7ueV9h0e-_E,keluhan_tersembunyi,5,positive,negative,0.7071687503547459,sedang
gp:AOqpTOFx_umQmajvIfFL67knYTt7YcRq8bFrAk9wQGmM4HKfNkAHuk64hDy9jCMHP5wiXMwV-riSbx-w2iLz6Q,keluhan_tersembunyi,4,positive,negative,0.6279783596027958,sedang
gp:AOqpTOF8Hc1dOHCMLCJlGGl8c5IAxsVs5Y2JkzFU2Df5WjBz4-R_O_DJL2gZfZbeVc7BLuq2xNLAvDm9A6qOqnY,keluhan_tersembunyi,4,positive,negative,0.6987217438230184,sedang
gp:AOqpTOHiodDLLYynkARVsVHf0WbKjEvnONWciDtyLz6lX0Z9Mpk915MtoViwvVDPuvxujGAqVX3uwjY0ykD0MQ,keluhan_tersembunyi,4,positive,negative,0.9082656335704208,tinggi
gp:AOqpTOFJ9zrEj9GFjivTfMPq5_uGg5SwS1KYErSA8RlnXuVRfulytq4R1Se6UBehmbZ0U9CP_U9Jmujw2guSEH8,keluhan_tersembunyi,4,positive,negative,0.6199761016225461,sedang
gp:AOqpTOFep695jDm5sU1hlycM-rHyfjpR-DdYaagjQVpoW0TLI8d7vpeV6zslCDaHVZ5EHz-iff23a_crWdNkBg,keluhan_tersembunyi,5,positive,negative,0.5482249752941997,rendah
gp:AOqpTOGtkTX0FKqHzBjAjZajzf7F3xcyb1tP_t8KTjM-9a48AIDzMArmdxB-vy0ZveuRxFrgxVQysZGNvsDIC8s,keluhan_tersembunyi,5,positive,negative,0.5893097512858735,rendah
gp:AOqpTOEyFqOKdmr-FD29hPO_k6nnN6Jb1App4mZooDzqX2_-Xfp_SYlZHEJLmQZl6SkwZS61AjXtycVz3jhqS28,keluhan_tersembunyi,4,positive,negative,0.5986048790115581,rendah
gp:AOqpTOHOyjzCuYn3skW1TaKgz14_1OZT9X6HlQj2vyD_aWpIgsqqH72tQdLyMpbDtY3aojKm8exN7wIVrml-1zU,keluhan_tersembunyi,4,positive,negative,0.5797157378228919,rendah
gp:AOqpTOEApDa53Y6RMg8_re6D-2M3Z-f4kqef1rsRSKsedVZeNc1NnwJzibGPxbBz2iq29XeqdogsQgKr_TRe3w,keluhan_tersembunyi,4,positive,negative,0.4339987389657025,rendah
gp:AOqpTOFpPrRQP4q6Xg5R2upY2b-h4G3ju6Jyn-dem1A3LXEPpEk9vjgJrNNFqQuovlenqtd83AAPRDp9QtcL-pQ,keluhan_tersembunyi,4,positive,negative,0.5140333436589332,rendah
gp:AOqpTOGs1LGQdj-gcYNoAG7ERATUIibocGW5Tvd-u1L54W2uoqeWTbzH8LgYNcJxS6eJlIJp35FKt-B0O1PKFA,keluhan_tersembunyi,4,positive,negative,0.455069436807261,rendah
gp:AOqpTOE07lW4q0S_Psv5LOlhjx0-bM39VVriPuhT_nj61JfbbiZQ1BnKlestMK8IA962MSyoelR06BJZdJ42X8E,keluhan_tersembunyi,4,positive,negative,0.6611883978039557,sedang
gp:AOqpTOFBU4JsfmZS-dubkEADouGz49YmRMyqGxQi95VVDYVJqZy8qiIKFU3bwlfWZXVanMyS2O_1BN9BcDdmjA,keluhan_tersembunyi,5,positive,negative,0.4986292902285604,rendah
gp:AOqpTOHuiJaKVLfCBipmMk7HOb2E1J6l2ZgCDaujp5XLmehEqYXemIinVXAhAA5-b6l-lEHfthwfxducw9QXEE0,keluhan_tersembunyi,4,positive,negative,0.413920068619488,rendah
gp:AOqpTOGr-bVnG5NgbQgcDIy3EyAp4dN62Ip7WIEGqQE0iD_zL5JFPPrTXrOJnpsgeYpdHY9CwYGfMefl2Dfp,keluhan_tersembunyi,4,positive,negative,0.4365170272405665,rendah
gp:AOqpTOGe49Blv_HXIX-ni0Otekgop3kc1CRyK7KXR9Rgr31khOD1QolGSU4lbqonLipcRtyLHCmGL0Bast9MxA,keluhan_tersembunyi,5,positive,negative,0.4745650871011603,rendah
gp:AOqpTOEmGyt2-kexjNa9Tj5ZxD0qnzyV5GZT9dMZIxxbYtez3tqs4341tnIJSSdTx96x7nc3_duN9N-ZoDFFbkg,keluhan_tersembunyi,5,positive,negative,0.4552706423435033,rendah
gp:AOqpTOE1zygNLuhbD8AK87WKa2NXfQNkFYs1PNnXpWQlf7bE7eRXQ_OZZuLdvWiIyzKJtBtpbiXti5J2LRAz,keluhan_tersembunyi,4,positive,negative,0.3768454888323976,rendah
gp:AOqpTOFzJN0MAcgicSYxfYKbPCGOwWKdBM_1RYfjfQD545rn13WdTwrqnqww60t2uoZ1fG299T2-Rs8TBW2hVw,keluhan_tersembunyi,4,positive,negative,0.6964474950147027,sedang
gp:AOqpTOG2uRrqPoj_AXvG91q9WdfUUyUQ1fNrbXzl_DMrnvJk2cKQ164OFzJdOrPeFYbixU9Te1ITPtnGgdW29A,keluhan_tersembunyi,4,positive,negative,0.4414438501488797,rendah
gp:AOqpTOFQ-z2mdk35qys0yxtP4g5KIkAnrGgvZoS5PuFPLGjBc92iqoQPFzsmIut7RNYLwBxiRXeJI26VpnFWxw,keluhan_tersembunyi,4,positive,negative,0.5944485901582556,rendah
gp:AOqpTOGEF7u8UZg0rWxLSsNIRHiASLqRBxgSSOTAsiCcDKQTU6ASvgNLoWgOhB2_xIQ6TNqYnLfkPW5fs__G,keluhan_tersembunyi,5,positive,negative,0.6445943733360542,sedang
gp:AOqpTOFXn-iAItddsPINgXY3dhtJ3FGJ4WB8GN-7GgUlH7a3RbSW-bHJ3L4ggGjtn5oVW5FMAjUaKkP3oF2l7ko,keluhan_tersembunyi,5,positive,negative,0.4773892270604569,rendah
gp:AOqpTOGcXyGT1q-MTIuIi50h0-mXtZCPQGDu0r7Z-iCgc0xUremFZWg8LGldAOmPYYrJFv_lB_UGLYfVos4fLQ,keluhan_tersembunyi,4,positive,negative,0.3944747457812098,rendah
gp:AOqpTOFLjtOGEeFbOgsEQ-hpnyE5AmvgNlNlzkuG3Mst56syguG3UGaTOlrYWzF2wSSv-QO-HGPtziCNwVIhXa8,keluhan_tersembunyi,5,positive,negative,0.4629320200508796,rendah
gp:AOqpTOF37iR-z4KaKmSlHSmS0q855U9Ot8iXsfxESMfLlJKJoFkFYM1K8j01FvqfzQAx3UhBmCQO2MxM19_1yQ,keluhan_tersembunyi,4,positive,negative,0.6268391729570493,sedang
gp:AOqpTOEkG0sy02A3r_lQm3e5zyE9gtXd-fD4JeeSnA6si6C-lblKOnetWaS6Q3T7Dz75LREat9d35O6-tG7KyA,keluhan_tersembunyi,5,positive,negative,0.4790547123120344,rendah
gp:AOqpTOHuoRO4byHRf-PSihg7Q4FLw16UpaKOEwNJ84Qk4a9odlG84QH6UIuLnqVbVZ1q7q40yfWCrbLmI53NrA,keluhan_tersembunyi,4,positive,negative,0.368050217382054,rendah
gp:AOqpTOGlaS8ifLsQvnLrrseyNaCNbu69iA-60Sctzy-Qb2ABxWywll3O2O2p_SFO-d5XHG07etu2gz0Xw-85lg,keluhan_tersembunyi,4,positive,negative,0.5240786325201674,rendah
gp:AOqpTOFNn0stvSQz_8qFt11Owfr_NNBUEdBH5LmF1gZbsN2gGefm9BLb-nWkn4AmjCUvk6C8b48L7PqEW0xlXw,keluhan_tersembunyi,4,positive,negative,0.7009961585502863,sedang
gp:AOqpTOE8cg6XBKSAduG8dePclceUgtCdZ-NoV4pSa_yi_6SbAExY9OfnzEoAkfKoOt0xDSXH8Bh5MtCZ9rdyTA4,keluhan_tersembunyi,4,positive,negative,0.6306685582400484,sedang
gp:AOqpTOEcam7Ug27JGERhVPvhtA-Bi2hXfFvdpIxy-hO-ZAINz3JNFtaicY8QvwHqFFeQk4-Z3SEdpHVbjHcPpBU,keluhan_tersembunyi,4,positive,negative,0.3489780245765677,rendah
gp:AOqpTOGEy-rx4FV8zNXZbYXrEO0XwAAA8lj4pXxtOnFO_UUOE0CbVrcf26rMIRtfEAmY9Kq9_4zQJmOYJbiXtQ,keluhan_tersembunyi,4,positive,negative,0.4668019739709535,rendah
gp:AOqpTOGPEaw7PDyIw_Qu5TfDL5D_RhmKr1MVJwpfpUiGyZ4LkBczp1ygqMEuknSbnfHdmY-YT_UByn_V_d7Enfg,keluhan_tersembunyi,5,positive,negative,0.6600168442590801,sedang
gp:AOqpTOG4WKnRUUbQg4l96tezmCMMXeFH9FYdHC--ewz4G53RNr2BNd2YWP2Iay_LBhzeYVCCjATWzUp5dx2d_w,keluhan_tersembunyi,4,positive,negative,0.5873895974534882,rendah
gp:AOqpTOH9Agcp1pmmmOHCWH8XsJZKwXpz6fKawj6OX6ogoShsW028k-rDGaiWeQEuArP4OUfzegmv4ilC5Azx1w,keluhan_tersembunyi,4,positive,negative,0.5923168937929912,rendah
gp:AOqpTOEvBH4o3SClippcV4j3DikwMD5STmi-a-PvQrVgRVyc__7mnRD4tADjbTW846i3t-VCAH7VetD6IPHBGJU,keluhan_tersembunyi,4,positive,negative,0.3410258324758386,rendah
gp:AOqpTOH-pH7SJz3kfu-JnjZorfpwh3GtcLl8Z1ShUhlL3-umtmGBv-msElP9xxgjaEdX98FuS9qjCTpugOUnBLY,keluhan_tersembunyi,4,positive,negative,0.8125093365372756,tinggi
gp:AOqpTOGyBdPBYnrJYSZ6jVXe0V-JoQfvsi8R85XlPu5kHG5GmvXFE_7MxUELwlEjGHC-dwPM3mPRe_3NY4k0sA,keluhan_tersembunyi,5,positive,negative,0.5588111597801176,rendah
gp:AOqpTOGEfOhtWUQUfUxGMV1MIfhdnOdTzd55rdaOeeGXUlner-gKyJCRbEfvkY3pOhselJAr5B4fhlg0H8N0t8o,keluhan_tersembunyi,4,positive,negative,0.5789256722683469,rendah
gp:AOqpTOFoWOOhM0GYFpb5KCSrrTW3BXVLgtwbB7cCtwR18mYPIAgabe9SSqLWUudwU9JsNgRjWfjsNz4i_isqVlE,keluhan_tersembunyi,4,positive,negative,0.7034311281139428,sedang
gp:AOqpTOGHc0W9uJvKJtyqAcMTPtTqwoqagC4B3Pi2H1kmp2elIOnsxI4Bk7ghBndE6zmaKVH5iuhv4ASRKvnRqA,keluhan_tersembunyi,5,positive,negative,0.3970896484690513,rendah
gp:AOqpTOH1AHGE8ZUKsJB54DrH7KYDSoxErWXgRldAPnQjBgZLTWf1_gbKHtkpKK_6h43DmiAd5ShoOEkv9mYxYhk,keluhan_tersembunyi,4,positive,negative,0.656160585661113,sedang
gp:AOqpTOG9RNMMUWXPDUnevXL-F5v-opqveBBztZncTx2TSP29VRWwji_77NaAn39M9OeEd7rpfhdXvqiOohTq3A,keluhan_tersembunyi,4,positive,negative,0.4758172283393976,rendah
gp:AOqpTOEEKTWX38N2LhgMQZZqq7CgcKhKsNhPDbxTMYCtFUFB1lEeVbGGc8GYGXoiXua9fcgZwbCQyFStUurO,keluhan_tersembunyi,4,positive,negative,0.6554112140883281,sedang
gp:AOqpTOF9t3CJoWZHTC2MjtF8cwh_e6wSqdXWTUbWTmhgr-Sw_BnbG392YBNWa9J9TeLnmGe_Vd__21juwbyY6A,keluhan_tersembunyi,5,positive,negative,0.4758222999731806,rendah
gp:AOqpTOGNDx0WtjUWGl3oQ326-2iCKnXieT6QB3rkXrrFz4AvBYDA074r9PTUQ3LNHGvLkQ3s3eZQEvBDKNspfTY,keluhan_tersembunyi,4,positive,negative,0.4985262895443623,rendah
gp:AOqpTOHzilc_3z6RQAFpxFVuq_FoxBYtjOHbklU1AhJ6O0ti6TBOdMzWK4LWD-z1lZn03m4wAHHGM9qEq321KjE,keluhan_tersembunyi,4,positive,negative,0.5036734796956096,rendah
gp:AOqpTOFmh0eeIjeOFMUV5nh980_YJ3cqmpfBHNYi8dpXS-jAlepsPT5slX3tCh4gWPtSDuE7Wkae8Frs1CPbAw,keluhan_tersembunyi,4,positive,negative,0.8349722390381736,tinggi
gp:AOqpTOEXijE-BwmxwWtvLU0UKKXBNCbpIpAnj3DscROgx6s0RQ31PxKxHCmWBnPLoUfPO3yJWbUXylawJO7q2h8,keluhan_tersembunyi,5,positive,negative,0.6090533913227695,sedang
gp:AOqpTOG0Z3Od-ZfCqJQEXGlV0TANj-KqKmyPigAWGh6xJSSgwq0CNuguWu5-6b69Y1lTSCEiB3dV5sHY7DmwWw,keluhan_tersembunyi,4,positive,negative,0.5290096304760409,rendah
gp:AOqpTOHbpnLHsOz7MQIhJDFFzVWFzwismZ95JbB8LMUqP8PwzS5hw-RRX2Ahl_qIn7trIj9C6Vd6TstJLYTwXg,keluhan_tersembunyi,5,positive,negative,0.4349360917667277,rendah
gp:AOqpTOGsgyD6GtrtRB826W_vic-CB_BGwU6pXOkn9wDuK9uiPZpVZkhGJVGRNxFC5L23gqRjUA9uZde9wNioBfw,keluhan_tersembunyi,4,positive,negative,0.5903778393698629,rendah
gp:AOqpTOHYP-yf5iw8N-FybFjTxGH0L2Wp4JdboW-3egx6uhJT0gW5yH3Rx8N8WRJE8qMZp1ttn1mjNsmHeon1940,keluhan_tersembunyi,4,positive,negative,0.470709319869055,rendah
gp:AOqpTOHQ5Cniz5goAb0k9VhXMRxEO0Z_giF6zKso0jLRifnQ4ukAxczxP9uCNX6-6ffLzngga_8uy5jRGKMcuDc,keluhan_tersembunyi,4,positive,negative,0.5562033731985241,rendah
gp:AOqpTOGvLMxJqtvejTyMfiqmlchcDCTpAvP2B2oOquC_001i1BHMvLjUXkA8op_aeQmfBvYH5m3KyPgg4LUFeQ,keluhan_tersembunyi,5,positive,negative,0.6343219129947792,sedang
gp:AOqpTOEn-85EKV3h31AU3PQJKYk_cOYEdV86RE5S8VknuNG3Ii1sqvkHfXztdTcHtugEZT2Cp_Fr27f1qxbI_cE,keluhan_tersembunyi,5,positive,negative,0.3893071459906607,rendah
gp:AOqpTOH10aAG4oVeFawA2Nz7RobH1UTiZVJk08rwPJX0qhybNMpuJ_T0_T_My1vaIWit9GNB4qlaGul8xZghIQ,keluhan_tersembunyi,4,positive,negative,0.7890468026483867,sedang
gp:AOqpTOGvEl0es2_xns8pi4qK5OJVSuF70BMQSYXbl11nkhyIM-NCO25oqQ8QeI3joxBXgKQLMe1FrLSvpT5NTg,keluhan_tersembunyi,4,positive,negative,0.4665584882356752,rendah
gp:AOqpTOGPIqb4RXRl6aoma_TsYn9hVuh-lsNAkX_4beK8cX60ZSQ86NppdDXiZ4UDYPCTzjiGYw4Otg1D6TCsqtk,keluhan_tersembunyi,4,positive,negative,0.3840151150234159,rendah
gp:AOqpTOG7SX2xFMaboy8Vq2beyTgnPU8tY54t1702VDnkZpL7l-3_Nn-hHhoP2EFIOHcP5MxIiSxgz1NQztaBlt4,keluhan_tersembunyi,5,positive,negative,0.4931554434496266,rendah
gp:AOqpTOF7UqwfaGiz2jDayIPRfccT-KCgrndMkNhI9_gTk2W1-Pl17bTr_qOk9wff7NjhxH_ic39-Chm6Z58rhg,keluhan_tersembunyi,5,positive,negative,0.6647661093028089,sedang
gp:AOqpTOGnY9xO2WjE5BcCp864FjlSBDO4fm696Pm8P0yxdrDi64Z2YxdlSeN2o3a36RtezvGa4Vf9XxYqmSjcCA,keluhan_tersembunyi,5,positive,negative,0.4068203760487717,rendah
gp:AOqpTOHkl2a_Rg57EwT4EhLo2TEFx69rNmuDBkgoRL-FzJaZm3LnFSzxBABkTTVY4vt9i97YpxS6I0hhNToBLw,keluhan_tersembunyi,4,positive,negative,0.649373605438389,sedang
gp:AOqpTOHaIZ7H_VFRZsXN0qaN3Bgb7Zhw5V6IVPIuoVr2Xv4ps7ZKVVIM_4BAAalKA2Mlk5P1QPjw2d4F4zvG,keluhan_tersembunyi,4,positive,negative,0.3857478306345431,rendah
gp:AOqpTOEdg_PUTqfRhOFIncryi1DWoaGizB1ZuqsCVz3akoTAtaHRmheCYx_t28FMx9YfCOCsRb1aOi9freTlYbI,keluhan_tersembunyi,4,positive,negative,0.5423643363772541,rendah
gp:AOqpTOHvh2BOjau78dAFCNiBpsXD9_bbFzMs4xaSmv5Wl_al0qxcberZVF1llOehavP4IAGzIsqX0Ts2MLQDgQ,keluhan_tersembunyi,4,positive,negative,0.4551787589565586,rendah
gp:AOqpTOHLBKN4-3Hxd5FqODpvkeFEnEBX70a1YXPFWxOkhy-vwPirpLEtFrtsE1ktYuLE-Eq-GZqmbJjcLfWr0Q,keluhan_tersembunyi,4,positive,negative,0.679347186097376,sedang
gp:AOqpTOF79eTDA9lKwfBrOt52M4LwHt3zjcl2oKISwXZLiC9qAyIKgAD3eK1Km52tuUrYgCPocHeAHc0mme76vw,keluhan_tersembunyi,4,positive,negative,0.37515101279009,rendah
gp:AOqpTOGn_e-uvArI74VZ1t1ccQmzRU6c4SbNed36ysTEDZdZwfz8f_md702VxurZXRKZKSrRmqF4ibMnLkCwEg,keluhan_tersembunyi,4,positive,negative,0.8122313661883362,tinggi
gp:AOqpTOFez1DUkw-qqOGZjZFBeIBpKJ3BCqbBrku_cbjHdYb5x4vF-SKP1YxYL63EZN3DT3es5pGcx0OjeQR1I40,keluhan_tersembunyi,5,positive,negative,0.7554727169402523,sedang
gp:AOqpTOF7k_NWdAI-0tAjb5QSxXH6UcAdAykk080PqSmM0M-lP9-j0_lu56fG9M8tfB4aFBPynsTR3PyYvEoaLw,keluhan_tersembunyi,4,positive,negative,0.3778076200077427,rendah
gp:AOqpTOH-Jgnx77UjZDvjVQzr6wNGvaOeJP9qJFb_HIlEaXCklUdxk6pj2pAH5WsxemYy7Klp2hOr1yJ_uN1xDw,keluhan_tersembunyi,4,positive,negative,0.6192952168687745,sedang
gp:AOqpTOHEGkrVcqBjKNGXC6hi2O5HlOuTquVA7y0bjSn_B1uo1eYjsu6WSMYy8mDxTfQaF3_L-rkNoNScHqhy5aE,keluhan_tersembunyi,5,positive,negative,0.5026699995493344,rendah
gp:AOqpTOHfhfrphz33X8Hcr3M8an4PZCkb2myEekNr9GqAh66fQvL251DOphAwvXA5OH__kcZVSFwwl6fGY1wdHnE,keluhan_tersembunyi,4,positive,negative,0.5011001258456197,rendah
gp:AOqpTOGNieALKh8mcH3SD4-M6f5lsuX1N8SKN3PD7Gx7GXSDN90RUSflDOkp0UbzJMQ7uIZfST1gvv6RgbYWMNY,keluhan_tersembunyi,4,positive,negative,0.5299840035213722,rendah
gp:AOqpTOFj8LtPMe_eFsWEGFW22FuvMulu3_baNjD1mx8JNail64-nG9gFbSSJAixTufvynTOg5-u-Rb5NJOigOg,keluhan_tersembunyi,4,positive,negative,0.5356084229969552,rendah
gp:AOqpTOHBiDtlgdNnVxB_tmFy3gDkaJ021LsVpFR0nHLKNXwwf3pAji3KA0T0JVBX8N1BjM_MuH_47nat5wtQwQ,keluhan_tersembunyi,4,positive,negative,0.789107010740908,sedang
gp:AOqpTOHYELV1Qt8JHim_IqfIwK2gX8xBxJ1wMYJhUR3G2ttZMRYMUP4xecKmWvlAr0c3MA6-gHqbHzjFb9nBMA,keluhan_tersembunyi,5,positive,negative,0.4292201194185582,rendah
gp:AOqpTOF0eOuR-jHXRD26Z4H6DsLRfdB7T1MposAmNGBAXBhHSU7flPXmLSgnXVKH5Ll7l0eagrs0CrD8WLzd5Q,keluhan_tersembunyi,4,positive,negative,0.4967181072781135,rendah
gp:AOqpTOHXbMgbLuYpctG74k0PjZuOpIBtlPlesUVFgBZmfTq2FYqeGW1LY59S3eQzuk_UVY3CK8RcNop7Rup0l5g,keluhan_tersembunyi,5,positive,negative,0.5248722220066431,rendah
gp:AOqpTOHgO--cuc8yqb4aw0cQw0TCGBQq_eqRMSeo7K-hBKzdA1EmHuum8eZPngfRrsM_usLjfDhSxkZr6zOqbw,keluhan_tersembunyi,5,positive,negative,0.6502041136655867,sedang
gp:AOqpTOFd5peDkWMNzeB3mjsyAdQBWY4N7tvkWhyRdQSg2fKUS92KlZ5fwZyt9dhGshOYcCU71ZW0SF3FfgQssg,keluhan_tersembunyi,4,positive,negative,0.7633095315425913,sedang
gp:AOqpTOE9heoRqnIMlsm-9A2z1dSzxHz-wTqRUuXcH4J6egg0Uo9_HSubPcdjfT8QmHPPNg99DhH83esQD_lF4g,keluhan_tersembunyi,4,positive,negative,0.4569302619990917,rendah
gp:AOqpTOG8u0yx8IYhKp0PJbgfuSXFQLN3EjqWrRq-NmchxUtdiJE_-xNK1T268Wq7P8VmFRBSv8L7DYOg4q35cA,keluhan_tersembunyi,4,positive,negative,0.522335502422263,rendah
gp:AOqpTOGWxq4v-X-2KrD7z8-E3SsbER5NNnp09JY2oJpxP6bjmvKyOokhPfuUNrm7Vi40okZvcLcGMwZamKlHVHo,keluhan_tersembunyi,4,positive,negative,0.4608032805268556,rendah
gp:AOqpTOFZSiZYnOCmN9xqJxkfAnjxm9EIotXOBTcrAeo_kVrV4p_ZszrW_zZYn1IZoLpjW5TvRPoHoFOzdNXchA,keluhan_tersembunyi,4,positive,negative,0.5662926734758919,rendah
gp:AOqpTOHvEzUvaSAj0ukHPVjefm1MvVlYr9EdXT8-D_bpUvGtQpZg1MYP34ZmByE67_qYlPvih2rRDW2zqjChiQ,keluhan_tersembunyi,4,positive,negative,0.5973761721619196,rendah
gp:AOqpTOFakxu3gWh-2RXtG_kTxkZq69V7ln1ouTMUrdbf5OhNz_KfUO_LiyMHoPDJkN_3sYr0MdYA4TZR09chpQ,keluhan_tersembunyi,5,positive,negative,0.9238416512550794,tinggi
gp:AOqpTOEZyu9G5rq0_-nG41e-4F1Lq_yB5riUbb_mDBjf0p5wTRr6yA8oFZikJmjU7bHa1aag-eFBciUAQlvmx4w,keluhan_tersembunyi,4,positive,negative,0.3848553245441549,rendah
gp:AOqpTOHD6s83mND5EBboEcqb45iIsv79NSCcBNOk8UpI0uc3bM1o3aiMDXnBEYknuNnW6AZHZ1N2CE24FM1W,keluhan_tersembunyi,4,positive,negative,0.6581445741934,sedang
gp:AOqpTOFJ_ovP_SNyc9my0wcAwBNv5r1CLMJudI1eqIl_qvVV9gKGonLcN3Aig0I-PYVCk78vCAuwvucbsZHturg,keluhan_tersembunyi,5,positive,negative,0.6761999559160915,sedang
gp:AOqpTOFr6s1CS0WzDnG8PJO-FmvWN9KvtuTSeUyljn-r81NgL03SBneNo_Ntr18NZoTkgrZxeueiBh8S4ipTLb4,keluhan_tersembunyi,5,positive,negative,0.4844449078832898,rendah
gp:AOqpTOG6q1E38iWIbuLc8dA_K4rMiLPmcvX4MkHseQudDz43B467vJM2NH6exOnNC5LTVCxO7BwirCkKdPS2aQ,keluhan_tersembunyi,4,positive,negative,0.5265369807164545,rendah
gp:AOqpTOFBJWvdUOrSxqKVAMlxyz_lx0b-MBH2O2g4aDuzmz99LGqFNZLhrHLjcsC1GRbDCIN-s4-B3P326FtkYw,keluhan_tersembunyi,4,positive,negative,0.5280399775062802,rendah
gp:AOqpTOGpOE-dNi1pYx3BO5slkbu5JV-AmV3v6pI2VRm0cEhQiyeAgX-pJYzVMb8YLNUTrQfj7403tr0QKoN1ggg,keluhan_tersembunyi,4,positive,negative,0.464024791100298,rendah
gp:AOqpTOG3I1YX51JdkgCIvr0G4pJzhqJgog4m4RXsbRcg8m7gO-y-ooPx_53Y7ZUd85VUqdnvfiaNSjPBNWi3pg,keluhan_tersembunyi,4,positive,negative,0.4678855544404427,rendah
gp:AOqpTOEM_bF35STqy7XjfuHw2WCxdGlqWHsGh7qEiLqR2IiM2yJd9-zENGGYAs0H6fqdg_Gu3m3vgn2-0VGpCQ,keluhan_tersembunyi,5,positive,negative,0.4722558240561186,rendah
gp:AOqpTOHs7WeV01fdNwMfaSJ9dHVVo3zagEIaP-gY74QWXMXLVnQuGNb1siPc7ayQ9jcLoOnCq6tgdDPjLnDYrg,keluhan_tersembunyi,4,positive,negative,0.6348946912340032,sedang
gp:AOqpTOE8FxGifp4eaveHB9mjNmE0YmHbKFI-bbl5baqAwBcHxIO85HWgYpcao-1qc3fV-jMGFoTOoQT533fRvJI,keluhan_tersembunyi,4,positive,negative,0.5560004850997344,rendah
gp:AOqpTOF3pXUc9EkcbS4pJdTtdoPmLw7Ym27kZzXUMUX5D7i6JPpnlYyqAeNlmypbWut15kYX6G5TZ4TsFRcAsA,keluhan_tersembunyi,4,positive,negative,0.5412913865991114,rendah
gp:AOqpTOG4iP1ZEi983kHyo-_ZUOEqWJrGO7rnrQZUxdMa2aE16Sj0NfTd5TTM7a3jxcRhEM3Vo__wCJvTJ64S9Q,keluhan_tersembunyi,4,positive,negative,0.5698170426445239,rendah
gp:AOqpTOGfzkHWIfD1jJuMuxPgaDJJnDKgxZ6NpbpBbSJKozxOeVHaMH_H_hDnjr1V3mAwVz0MY4k0jQrJhjJqYQ,keluhan_tersembunyi,4,positive,negative,0.4923759979189684,rendah
gp:AOqpTOHgB1WQmT05lDO49vEK-n8j0RbL8IKExCiU994wndXTHE72fash1wiCsa8uCbvFADH8YWNcmfwqu0TjZA,keluhan_tersembunyi,4,positive,negative,0.8331765359471127,tinggi
gp:AOqpTOHI8lYLh56D-npBZDndR_h77oahMod3x8HZkej3AECxw1puBQecWoShnsmneWWxZfiUyOCtcuNawgOBWmA,keluhan_tersembunyi,4,positive,negative,0.4370186619300718,rendah
gp:AOqpTOEPG-TymQ0Yk46JHIjkZLMf8YldXGIWyq2TEVhLm9u1kB_afwUPROZUaLtTNzW5wO__7hQ3fJCak206cEI,keluhan_tersembunyi,4,positive,negative,0.5175866895126163,rendah
gp:AOqpTOE0XwskVKHrQcP_Zv5jSQNoJchjzJfq1I7dyBAFDHksjqcDya4yptb_SNZ6w088IuvTsDOu4RPOajJIvg,keluhan_tersembunyi,5,positive,negative,0.4729079406231816,rendah
gp:AOqpTOG1JArD2wCItUusq4_U6X0-hbOUFhCbu84nfYxl6TPsE21Qnx3XbWubyymiebV_zrusFbj8WINuCYb9Zw,keluhan_tersembunyi,5,positive,negative,0.3902515741333711,rendah
gp:AOqpTOH-69XwC_vAugMKLpEvXVWpq3BYvzw9PIYO0EJKLUtREWUAw3B6CeQXTGcE92aEU8woyp-IZ_oRtjYhFw,keluhan_tersembunyi,5,positive,negative,0.4062682610367216,rendah
gp:AOqpTOGI33bPd7apTZUFMfflkTBFUTWi7cKn7uK-GCOeGw-Y66NlrIrY2YY0Op1MOuXj8cphVgZ-lokRjhObFg,keluhan_tersembunyi,4,positive,negative,0.4241201390080946,rendah
gp:AOqpTOHjvvsDTVpP7Ce14fpq07DFEoJSOb6xz8L1dsp8zS0STtB8bZx-OckKlMbN1H9W2QfAh5BYdhk0N6RseA,keluhan_tersembunyi,5,positive,negative,0.599709703643832,rendah
gp:AOqpTOFLYki4JNiPFjxsfl3LO6oaxIRYmvTRjmOs68tFFnScBiAWpKQeChJh9arbSZrOqEsM4VFdpFF_BvYnCw,keluhan_tersembunyi,5,positive,negative,0.7106702576427838,sedang
gp:AOqpTOF6USxysSmmREn8t0pSU9EhafbG77CeRA6BykCV2uK6SVAJWzF04XVHArIQe9dGLU1EjM_E1jPNc3siBH8,keluhan_tersembunyi,4,positive,negative,0.4663219985699315,rendah
gp:AOqpTOEw6Hvuk5e58nRPlkgCC_BEzawjkSqHtgcpMjs_UMdKX0uXYztyAAoYKzukDsKRpgd8Gf38ZYqtfqk1Tg,keluhan_tersembunyi,4,positive,negative,0.398021901900697,rendah
gp:AOqpTOEdCnlRouThh5bnG927QAgHjWck252aqyJw4DCI7-t1OJq_LrgdynMpJjSnDHpSvGdjlX-gx5vFWEUVfQ,keluhan_tersembunyi,5,positive,negative,0.4829338730661303,rendah
gp:AOqpTOFT5U8dbv6nw43Da0yoqfWjG4EGIVmIC9EjjgE7zGh6FxPU9jC_trE0m9xNUbP8pofwFDPOYndq59tf5g,keluhan_tersembunyi,4,positive,negative,0.5231115187860719,rendah
gp:AOqpTOFCTB9bNMwdUFH8c48mMap-TVXNFBi5MIQ-NMBsBMSPR-qJusn-tOrUnuclbJTYRtfYm1I9oie_cz3jWpc,keluhan_tersembunyi,4,positive,negative,0.6677108033061991,sedang
gp:AOqpTOHX8RlebP8qzj6OibHLmHHDkgB36hb0FF5m6SGVOX1nQOewRMBGwI4RcJrw9XdQrXNYG1xFHIfB4WKN_w,keluhan_tersembunyi,4,positive,negative,0.6753465164529396,sedang
gp:AOqpTOHd7Dh-YvR0S4YRHtBVYPVbQmaY6Lr1T6Pi2wsFl1J_pz3qUdALO55dEOhjuoaKHRKXYaOWTvaRvqwWVw,keluhan_tersembunyi,4,positive,negative,0.5668022657841889,rendah
gp:AOqpTOGU9Chgo2gsMdmKlBy_v3uhbnq4X78uUtprZpM-8IiyrN7g0BWax_P_Adj788U0znRGz5mFkW4wxp1IDtA,keluhan_tersembunyi,4,positive,negative,0.5961899788336649,rendah
gp:AOqpTOF5sD-BiyzpBjNzRBkdCu1ACO34skuP_-2g6_6YzIE1PEQ1sslwLjPsQI3k2xuaizRFEuQvUdao20Ickw,keluhan_tersembunyi,4,positive,negative,0.3920066720693724,rendah
gp:AOqpTOE58gXhif_eMjeTMBf2d-2stm1XWjqSGJYoYqh1yGIDrLu3DRgWheStK1P4HYWIJRThyC-QssHj_QENEg,keluhan_tersembunyi,4,positive,negative,0.4716267488673032,rendah
gp:AOqpTOFF-W5yIPcsX4bOODLm8yESKa_81esqgBNTwo4zNmMrQSf0LSozs4aPNvAk8JiMpYQkGCdn4A64dJ-V_xs,keluhan_tersembunyi,5,positive,negative,0.3733730463098307,rendah
gp:AOqpTOEx9d0SgD8xsWuijf69ccsOBagEIgiVic4qVmP153rykgELkZ87RaLdp6sg-Lp9O_--rmbG0h71uKFXxfw,keluhan_tersembunyi,4,positive,negative,0.3824127897784786,rendah
gp:AOqpTOFu2lVVaZbFvFROkdCCIYwwsrWiWWAVTgpsF1xujoNU2l0CchBWVYxXvZ3U0u_k4GYvl7gd74nnLHsFbw,keluhan_tersembunyi,4,positive,negative,0.7671264942587436,sedang
gp:AOqpTOHeHP3gAqtqkot4iiPfHyoc7s_poLVFX0WXxHs16WBx7h24hGduH1TtE9Sljd2vZ5oYtm5xbcM_3WoTV6U,keluhan_tersembunyi,5,positive,negative,0.4399863735123834,rendah
gp:AOqpTOG0KPPVBdkv_bidEyrtlWIaV5ITOvIbEAMywY7qYel2EXAMiFnvd74LKj7Bh0XMnOW2xo0HyIXeHu5p8X4,keluhan_tersembunyi,5,positive,negative,0.4559745706688023,rendah
gp:AOqpTOFr-y8cRqZswR2rUzlvfSbh7D9MWhAdNAkInonMI02PGubKkERBSyBqawZP6XTGMhNPGyDid7Obgf8bQQ,keluhan_tersembunyi,5,positive,negative,0.6298037777509176,sedang
gp:AOqpTOG0aBeIE6PmTlo6UxyXjwrxfZBEcu9MDOafCn0I5RScqni_7wfrNMpck-tBoTa_p4q3Z9f7qu0aXL8y,keluhan_tersembunyi,4,positive,negative,0.4785600481040429,rendah
gp:AOqpTOGmMDi_aJL1OqszZvlyg6LtHhCii1tc1flUYoXxPsSQ3ftqewEd1TaxUBe0gPppQ7IfYzdtgP4Zm5VI,keluhan_tersembunyi,5,positive,negative,0.399937209653731,rendah
gp:AOqpTOESkrOi-ffVRDiwtuyvHfwWXnbRFx5NDOltXwH0qa3s2pwd_U37dPMoYpiwOjPwjTI4dytGG3t2VfK4Ag,keluhan_tersembunyi,4,positive,negative,0.6082398882705241,sedang
gp:AOqpTOEkLRZpKU4AYfmAO1LHG1e6Xfrul5qlcYIDn-vCbEJv0i0rSfQUKB7ixtbUy3e-j8Yi9bDuYx3Ot8LPcUc,keluhan_tersembunyi,4,positive,negative,0.6537296855155196,sedang
gp:AOqpTOGkc2fG2JT_yZ4tTt4W-KXy4dit7eebyvIkTD1GjbDwaytekQA9SlvjXZmyFwmCPt4COD9RgEJXdPx0_Q,keluhan_tersembunyi,4,positive,negative,0.4859134844076457,rendah
gp:AOqpTOGs30P2mxDhtWx8u8s8u9trM9uV4VoUAkcy10MxkQ8ve8TNyGwQonnbL08nEDGrk8ihtC1GX05Vw56hXw,keluhan_tersembunyi,5,positive,negative,0.4053650142546843,rendah
gp:AOqpTOGXsrf2PPdgaqIzahLZGlUj5xhsBzYQsiVCLayQjT0aMyHviScX2i_1_xKcxllwj9iZaeIhFy2r7msqpw,keluhan_tersembunyi,4,positive,negative,0.5178850645598712,rendah
gp:AOqpTOGOKuL29WhtzDBer3XylfDWyfcwzKnlWJZdw_H46L7ZFnPTzYTJaKvmYLg85aRRpMfWSJuk9bg9lU_Png,keluhan_tersembunyi,4,positive,negative,0.478694400060917,rendah
gp:AOqpTOE3h9kxYZ_lKuFbC0VJqb_uKEFxTlo3DgY-OfG8kER362zOBXOHEaiRONYIHRr8uUJjApxLAceFlbYBJA,keluhan_tersembunyi,5,positive,negative,0.5095281054645231,rendah
gp:AOqpTOEYBc3whJ25058grBhn6ogW8NA2fTfEo9WcqCkY2VLsVUmLBa3mMg-oSLBiyjOQFfrsp8GnWTPdaUMoeA,keluhan_tersembunyi,5,positive,negative,0.5286879139901048,rendah
gp:AOqpTOFIbFE_HmZuO7h6E44UdWJ7vsE6pfLKDBzy_tn4p3AvQ6ITVLMlU2AySskR4Ch9R8SAWiQeljDW3Aa7zCw,keluhan_tersembunyi,4,positive,negative,0.3647315017928779,rendah
gp:AOqpTOGWBHGw-NLiRU7bXDv0e20JOE67gDF2GytZWUWgH1Gnk4nDIHQ0slDAvy2dVrFK_0TA6dP7rc-zwWHTYA,keluhan_tersembunyi,5,positive,negative,0.4310896449636839,rendah
gp:AOqpTOE41Zy1Wm45Zq5GLDkt7TJhOfoBh0Hokje5sg0rT8VUe3klpurvHKieTpMhoWutYQZQBFQ1SEXXeXqiTg,pujian_tersembunyi,1,negative,positive,0.850843231343479,tinggi
gp:AOqpTOFsR0oDTQmAaRMq5sNpW0AEhtIyL9qDxKEj-vODC17DSvkt0r7oYAwUiSOMoEXQEGvcMwtM5qE_Z1hT7Tk,pujian_tersembunyi,1,negative,positive,0.4217834418328633,rendah
gp:AOqpTOEcbbPQpeKceiF0FzESwOLVr1PU4pzzUERd_bzWc3W_jC7JpLyGkJEL52J1NxNZr3NX31VLsaOz7I3uPg,pujian_tersembunyi,1,negative,positive,0.5332877815734356,rendah
gp:AOqpTOGOvr3QLakEn_LCZ-OCWpPZ0OaHc4JEhpvYRnPkOQpcvCeU7u9Fcjp8pvtjQOvpj_M21ymqd8ozF45bgC0,pujian_tersembunyi,2,negative,positive,0.6916095064658252,sedang
gp:AOqpTOG_XDC-0QeUiGy5bMdzeJkPktrUprFGdSstf_-xeWZS8h9yTlJERC8P0dSC73KPGGl1Ae7K7plCLdskOA,pujian_tersembunyi,1,negative,positive,0.7365023046420239,sedang
gp:AOqpTOFcPrHno8CWbcVz6XlzN7ab5I6wWqDoo773zXkkCiFHfFGmZ04-Z4J85_LOXZP9tyVaHpjFJT_ucoNu9Q,pujian_tersembunyi,1,negative,positive,0.448397497384044,rendah
gp:AOqpTOENlpg7pH06mDfdn8ClFtXk2ybFSQyDfvRJxD4VX7gEdC7EpIc4CIdwfFUdcSJajz1Iyo3_u9o-TNcdhQ,pujian_tersembunyi,2,negative,positive,0.5363627706277303,rendah
gp:AOqpTOE-4q2-y9q2KVks5tLwWHTiQ2pEYAqgz2KnB_Bge55Y-uPRkjlY_JP_5-Q1B7rDo0hRNpw2mK_iMuo7czA,pujian_tersembunyi,1,negative,positive,0.4053445597452821,rendah
gp:AOqpTOHSN6c_hth4Ys57DCJ4agISkTEuV7MR7ROyXkA9mjvWHAQ4NfsVtp1hNU3xOyjS17FkAZFJ3P-NZilMDA,pujian_tersembunyi,1,negative,positive,0.8876111344878679,tinggi
gp:AOqpTOES_por7I2AjgqFrDuoeVhV0eRmajt4pB3b5F3wJmwxK_MN8NIDxLP653S7pE1wW4NweI41u9UEbVJ7GWs,pujian_tersembunyi,2,negative,positive,0.6136066664536626,sedang
gp:AOqpTOHEKJqeGCEKjwYeFs1rgwiLaLadPMUwbbzp2z0BInTG5L7DO8h6Xf2sue1ZmsPKpNWjYvzqsezco37hDw,pujian_tersembunyi,2,negative,positive,0.4063116611871086,rendah
gp:AOqpTOEvmdl3UXOSXxWVwU2OToPDWMM_S__SfJ1Yxx_h7ZemTvUP1Nutvz4DWcBpgLz5prjy_XSDLthVr8Nzlw,pujian_tersembunyi,2,negative,positive,0.3799279666158239,rendah
gp:AOqpTOHhRsbygj7PrAJdvd3-9HXisbaiZLShzuy0TCq8YtVs11Hbg2_7lcPrdKpObj55Bnji0iyjaqduPywvZw,pujian_tersembunyi,2,negative,positive,0.5023106577416612,rendah
gp:AOqpTOGOUs8uMMvgOOdBO8bGOEw_9NpHsetBDBKzA7LoGAMZNT5BVd4bwOxUXwZlb8ue9quqW7rXiHPFw4c0IC0,pujian_tersembunyi,1,negative,positive,0.4103440150183289,rendah
gp:AOqpTOFspiA7iwQLvebnXT1eMvtUFhsqZafnJPQKKIdZuGNWP_D5i3ayevVG5DLNCXtuHXbGoWOEeoX7ktSXrg,pujian_tersembunyi,2,negative,positive,0.3751564736649714,rendah
gp:AOqpTOECYbsWSJxntcYoLesp2Evm8y9kLo41kl2lK0eaKcJJkLvjrIrH6kH28wIVh-XcwZVF6gKxVVv_jAzDJQ,pujian_tersembunyi,2,negative,positive,0.3770285061213864,rendah
gp:AOqpTOGk5NQLpXd58SqeiuegDT3ZPHfDZZqiPJCb-FrP7qappwkcTHUHQlG-DbiYzdxGN1NLceq5zSO_xcT3vw,pujian_tersembunyi,2,negative,positive,0.5603168883569326,rendah
gp:AOqpTOHlHlHzu6KzLHhdDfDIrQKVO79Erok_z2yIQKS4Rfe1VIuGdYxg69u0tB-8TZ8gzZvxwLO7yJYxAGt8fuQ,pujian_tersembunyi,2,negative,positive,0.4754854314393161,rendah
gp:AOqpTOGWWbku7eaNbCTClamXzNEzrj6n2fKDrGscpe06HCi8CANWl28aEEN33ll7h9TRt0iYbfjKypc0m_ZjZA,pujian_tersembunyi,2,negative,positive,0.3863715557596041,rendah
gp:AOqpTOHN676eP4iQNgnjW386A0ViBnyBR8awuURu92ywXtl0_C-llWmWci_1Rol2jKRLe5HBNrVsAY6QOLFxjA,pujian_tersembunyi,1,negative,positive,0.3878363193273848,rendah
gp:AOqpTOHO5tQdqUXws-68Ez3Y8_QTETnKwRWtQF5CMDu4sXmyhdZYz1uKkco-g9CxmFWEsTyTJ6Sf03w37bGAOA,pujian_tersembunyi,1,negative,positive,0.3863715557596041,rendah
gp:AOqpTOFZ25IdoIvvJTbTeMuvEKuM2Ok4ffg-T_hjFSRFzcTEmQqh0KFxrFK2hh01n-LbwMmUPl-tjneqZlVAeok,pujian_tersembunyi,2,negative,positive,0.806291719875606,tinggi
gp:AOqpTOEgF1jaV3jI2d5u3M22rYrXii_ZL6QP2EgvFOns_1g86j4S2hQNBLN1iARTd0ERTC8s0nhTYRdmvZhAgw,pujian_tersembunyi,2,negative,positive,0.4152239041298599,rendah
gp:AOqpTOH0dU0F_HZgOMiXk1UUduz1TfcOFdKQZN2M_vP-aDVmrIjpw6A1I7XG-4CiX0bL93e-6GQF-S5CbE9fzg,pujian_tersembunyi,1,negative,positive,0.3867004096668543,rendah
gp:AOqpTOHcP8JWQRM1O4Rd_9yzwWNeaQWNSNi-3xUaBPVXP_qyQWx_gMhFl6Cup1-T_n9HRSvJQQCpoMTIaStReg,pujian_tersembunyi,1,negative,positive,0.3869031049780382,rendah
gp:AOqpTOFbdFTQPmiBD5kmC1iilmiK5DYZaDMfPEfZIDCdypYZVFlRDFWxeaBWE8Ek9wEam85ZE9mibBgM-kiJGg,pujian_tersembunyi,1,negative,positive,0.5779409680386287,rendah
gp:AOqpTOHxxJ-pehfF5TxaOXubvHi1edi-Rx0iE-QyZDZF0GkcPm4MT8N-5HVd5yTWepP-cPvivH9K_6rpj9HBMA,pujian_tersembunyi,2,negative,positive,0.5425296221404272,rendah
gp:AOqpTOGDnQCQReS-rR4iSxrKOgvguTh6QzezBr5cuVezFRETH73gQTLZP6RkEdKIFtCtgRfg6XPKBokeFWmVuA,pujian_tersembunyi,2,negative,positive,0.7339441148619178,sedang
gp:AOqpTOEVASDNpo3AkKXUGibgBRo1_0aY9Cxx2EVdsqmTQts4xobx6ualDe0BScH3pn9yvJm7PgTnJo0L5xlZkg,pujian_tersembunyi,2,negative,positive,0.4613202497919856,rendah
gp:AOqpTOEVJbY7NPKil0gwm0CVW4o2M8MFybwKDK5tq73zHJocbe8NYztpDV3GsSBVtoRfB8EOzyvMicWm8nxx3Q,pujian_tersembunyi,1,negative,positive,0.9121258522793392,tinggi
gp:AOqpTOGV1k4oI84ZnUFDVAdkhFT8p864DY2iuqzALhEOjJZ6FKl6kEUSW0W1Um_fdrbzEg8koY1oQU8tdKVjgg,pujian_tersembunyi,1,negative,positive,0.6053327411984429,sedang
gp:AOqpTOGUpJHbFmtgiYdTO5drzhQgOQJ2ECv_tlIk5PHpw1JTTK4iis1CA0xNDUnva3bFoWHRWGh7OafMGQw5rWk,pujian_tersembunyi,1,negative,positive,0.4893441777642873,rendah
gp:AOqpTOG2BdvRqU35cqNMLjzMbM4CWLlSVpWGKdmr3HezXEO7kCqhf4axWPxi1fcpI76CM9h4mDxv2Uxh9hlPGQ,pujian_tersembunyi,1,negative,positive,0.3628462885674307,rendah
gp:AOqpTOGpyNGinQPu7O2mbdg7yLQi3d2VCbyjVPMg3RhbbyZJndPnd3c7amh_3AATgJLZoQMJFoCOGHQQlaq5hAI,pujian_tersembunyi,1,negative,positive,0.5448474253564976,rendah
gp:AOqpTOEuKm59LGsQZ_pp1cB442xMk3KKLv4s20EGMsYwDuVXaKtkK1yOFx97xqyJrayEme3A1lS3YgrZ2hJV-w,pujian_tersembunyi,1,negative,positive,0.4578453647097597,rendah
gp:AOqpTOGMtgjZR_GRXppFKbsHgqn7QxVwKI-9Rb78gfnDbmVDsiSBiOXf0vxz6jkSidIYQpx1JwKrbvcacb1ApA,pujian_tersembunyi,2,negative,positive,0.5267144459909076,rendah
gp:AOqpTOFTZTHBsFvY_nWF_6JwmcX4g61IDNVS_scPyOElCITab6POg78hPXOjjQd_rIuOZt-d2hCEDM2AYUZR,pujian_tersembunyi,1,negative,positive,0.4707508900593203,rendah
gp:AOqpTOEkGY1YAdVG3NnqFzabgxZjmdfun6AlBE6bUaGH44HdcuN0d8pqHUKvZaC4kDR4T2f2KnE_DsBslXilm-I,pujian_tersembunyi,1,negative,positive,0.3667288969023501,rendah
gp:AOqpTOFg2XcH_Bvs4BppP_qh2XMC0s1ii1ud52BFWFAVwQYfr16T3wB3dBEqoPHc70ZsK9XqZzfuTlvjbbnd4w,pujian_tersembunyi,2,negative,positive,0.5189502638906521,rendah
gp:AOqpTOHEAgqJdXNSJ1pDQxxs9ixrMldemVtZCAlYDeZQgzlhQiL_0IIq_8SFcbWtPjIpnmagjsbukyYEu9z5mA,pujian_tersembunyi,2,negative,positive,0.4566283446229773,rendah
gp:AOqpTOHFwVlFCOFC8W2eBRb4l38H-9oj20w8vHYoIi-TNdJvi7-R5Jy8AVSyayhaY7fmBD1cyB68qEval__A1g,pujian_tersembunyi,2,negative,positive,0.3867004096668543,rendah
gp:AOqpTOE_qsQx0OBu5seQ6J1dy3h-JecXr4GKbK-NS4-r3HJegbQfnCA7kEuPgLhGL95rA7sE7zqeXinJ3NE-K94,pujian_tersembunyi,2,negative,positive,0.4853533446738509,rendah
gp:AOqpTOF0hOt4eEplC25ajMFt4yGcWRHecwM35BHb41hTiN99FCnljcZu5rDKkVEGXTXXyPpR6XWXRrhuLqIFYko,pujian_tersembunyi,2,negative,positive,0.607646733433711,sedang
gp:AOqpTOHA-wrrB_1X0YK5P7tpMGmQ1V3K6x5oHhLjcpiJ52y8zfeQauV0x7_3W6-BSH-UhmLk3L0I5HGXrHuHOKA,pujian_tersembunyi,1,negative,positive,0.3961308440295965,rendah
gp:AOqpTOEdAB14c5xsmHhO3G1XVDHXAOgyanr0n57Kuszp_85jDEaqb6R0nn-1k2utx490alaHVVFNT_miCt6R9Q,pujian_tersembunyi,1,negative,positive,0.4652358213111419,rendah
gp:AOqpTOFa2TITiO67imZs-1JVTtoKhoc4nwiGnpm7a6zM2SLJEJQWXqyRbGM6laGRBvoXe9owdEYU07KykLB8Ag,pujian_tersembunyi,2,negative,positive,0.4479508482705221,rendah
gp:AOqpTOE2rdWTjavefjocmZOXSQnxeUVFO-RSJN4-JFdvBLBKCEgYRVJdZQSTTdUy6eIdZnzOrOKGxKiOIwJAnw,pujian_tersembunyi,2,negative,positive,0.5090402489387744,rendah
gp:AOqpTOGeOzXTq1A2ziK0B6bm3y2BK0ljBlm_EqocdXhlxrL5CxGtOYVVNLDxXaRY0xnk2XXMjoucgDFnsa8fpg,pujian_tersembunyi,2,negative,positive,0.483520928232546,rendah
gp:AOqpTOF-xglgtEG5sDT56LgBawqpqxYajPWyS1jCbpYwkI4noqVr656RE5CukXvL7zbIUoHC7ka2Wj38ohyD-g,pujian_tersembunyi,2,negative,positive,0.513416613944261,rendah
gp:AOqpTOHUv9P_iXqWCJvM7ZA4lSJ7In2IvjuO7LgDEdCVaKJqzUa3ryy1dYl2rXWV1ujRNbFqJ66u0hGsVrmIwPs,pujian_tersembunyi,2,negative,positive,0.7189780845849465,sedang
gp:AOqpTOGGHXLC6TbGRtx5njtQP6EOiI07u9MsVh3AJ-FtCfUryqA1RDiM8f3SJx9jNmFw0VWD3A2iDNz6hztwAw,pujian_tersembunyi,2,negative,positive,0.645822194141973,sedang
gp:AOqpTOGqt35TBJ5XnVYVshH7rlShA6wSoiL-2c8CSgeNpfGs1ztUO1pBNu_4SeZhUlv2TWacwokYPQ5UF70ceg,pujian_tersembunyi,1,negative,positive,0.5249630754473552,rendah
gp:AOqpTOFVYjZjEJ964KcdYVX_DL4utg3BJ2cP7iiiLkjlv5YDBx8cLpuxnHL_KqqHddvmMAx1DeeUIxSxCVr2gA,pujian_tersembunyi,2,negative,positive,0.5529374633730917,rendah
gp:AOqpTOFp4U49XZXNHSg9vrXuNmvPdm_mQI2wVhmnWV9dIkbbpxoHtskFdvyW636NFOzebJMalxcfOcxURXJpwhI,pujian_tersembunyi,2,negative,positive,0.6550795916935314,sedang
gp:AOqpTOHls7DW8wmDFzTkHwxuqFkdNQtKHmO6Pt9jhZEQ0Q2rDzcc9WMABIXZNu0pIJOhiFrA4uhMOLq1ZIWKQA,pujian_tersembunyi,1,negative,positive,0.3913751791645527,rendah
gp:AOqpTOGMcJ_6EB3ZVTXbXxmTRwhU65iyDGoSDCKk5SJzWp0vByeA3m0w1Ov--z-loOM5_heXqO_aeg1xIgSkEQ,pujian_tersembunyi,1,negative,positive,0.387609110664638,rendah
gp:AOqpTOGgX4p4RId1kMSuHJrRSR-SIp7FjbSjweNzQ23DbhbgYaLYkBVHT2UFcaJbqyNsn16w9jPQ629iDVLLRGY,pujian_tersembunyi,2,negative,positive,0.7570769210989233,sedang
gp:AOqpTOGtW1V0Kl5-0WUfqcgYh41LpXDDSatqeYTUx_56AqB6XX6Gn3X4QfKm9tcSXD7ljWq7JeYiNZaTENRQCw,pujian_tersembunyi,1,negative,positive,0.3918048907797787,rendah
gp:AOqpTOHjTal4PYjErR0v33Bz3-BELRWGwSzGpWzk_FdpaEjGgyOsrj0XKgtnsMy05nHarWDEhZz6uM8dO8kDBA,pujian_tersembunyi,1,negative,positive,0.4317514980066033,rendah
gp:AOqpTOGCFbIohQfJamk2Ys0KldeZ38Vh7KnV835obR9YKG0tYoEP3CZER9u8tTiXuLnju17ZhBz8j4GtpCCcIA,pujian_tersembunyi,2,negative,positive,0.3918048907797787,rendah
gp:AOqpTOGoEaS78oj07juqcBuqlRs2tVc_3CpTWoxRYZOD2DnVMUzyzA6QBBwt6zfU3GmbYVZUbRwruxJSHTaR_Q,pujian_tersembunyi,2,negative,positive,0.6033516872195172,sedang
gp:AOqpTOGeTOsvx7wzbtPplIR7Dk2udoGqcJYdcUYs70UQLBGmr4e1NRRKLpYygApXPpULBTYV-3JSRrXOEKgWGWE,pujian_tersembunyi,2,negative,positive,0.3842377817956042,rendah
gp:AOqpTOGht5bbpVdscq-ayempobDiOCpFUGhHOvJjZ4JygFP_1mOblAfUqEynu6z63pCYbhrui3Y49orNgWp9ag,pujian_tersembunyi,1,negative,positive,0.3779928815616399,rendah
gp:AOqpTOGD7UuiarhhBbJAhL8MXQBoVJqaL2alP370yuNO4wXrDrwjOBPnrRhzrnNF214_d8-ssFo0W8zwUy8yuQ,pujian_tersembunyi,2,negative,positive,0.5092467242281759,rendah
gp:AOqpTOGit_3nbcfRLipeOyaQRwx6tBGFfZmJD4MMuUkKZOL4vpKw8nHIMmr0-LZpduVy3QJSXaCS8Wa8kpzmUw,pujian_tersembunyi,1,negative,positive,0.4810193343021566,rendah
gp:AOqpTOHV0dlHpbelrv4upw5xR558G8g9H8xPytJJmeLI4tdi9cStqHtDsSiUtJ_WjdS0m2F9KOGxNQmS1Yn-Cg,pujian_tersembunyi,2,negative,positive,0.5130379402895242,rendah
gp:AOqpTOEJZM_GCj_gPvBpZCYzxpWuj3fyy0TDh0_6bQyz5jD4i5uNbp5Iz0bSQfLy7y-8yAR1VIg-SeQpKiKQUg,pujian_tersembunyi,1,negative,positive,0.3913751791645527,rendah
gp:AOqpTOFrXP-GDtSTvQWdipouS8p9DRzkdsmaIPWBV_d902aeCXaSVLL0ok3AxTdgCkbnD_2SYNg5Hpe8WBhd6Q,pujian_tersembunyi,2,negative,positive,0.5722812798314124,rendah
gp:AOqpTOEp_FtxeJCHClwmqGyKyHpRXAEupaI4aG0to9D-rUnqE0F6qNn-vv-8conXqIPu4o3kaEFf_xTiqs8LU3c,pujian_tersembunyi,1,negative,positive,0.4832734333865024,rendah
gp:AOqpTOEUTY2c-SMNbY-D7z-AyCBHzLhdmQ4KZmS3D9g3nYctkkzFKfTZXBVCOAEegavxSEF_Odr6LpkBDglJCA,pujian_tersembunyi,1,negative,positive,0.432987394186929,rendah
gp:AOqpTOGMiipH7rkdDSGhy0nVf2X0J_ksYdNKs3-2YWoxLBy28fG3QapoKrQ26GS8HfVz2vNLUckJ6QOMSuR66g,pujian_tersembunyi,2,negative,positive,0.89236360702088,tinggi
gp:AOqpTOEjAlWGl__jX0i0Th2-8SvmTfu0AUDo_EHTzHdFaVUzX-YEi8fJrkig_3RugUyVOUOFO_83BIN1jlttzg,pujian_tersembunyi,2,negative,positive,0.3913751791645527,rendah
gp:AOqpTOEeiPOVQibvALdlVER9K8uwwdf4UdFjok78xJrVuvc91CGTeyNWVfN3YlfbTjt4Dsyfqz9f0CzRNqaavg,pujian_tersembunyi,2,negative,positive,0.4132627498258074,rendah
gp:AOqpTOHD34Vc52uLF70F6EZtiLfS1uuV28exNgOAdTv02uLFpb2lF3N7j0BF8jdhEH2TtBso4bsJY_OiZ9pLvA,pujian_tersembunyi,2,negative,positive,0.560552203179663,rendah
gp:AOqpTOH4O53tioumZfRC-3uR7pcA1xyjxRS_NXdCAcvEHujru9Nfopo3z94r0UDVAoeHFtKA4NpXMujsJ5ReFg,pujian_tersembunyi,1,negative,positive,0.668011437012676,sedang
gp:AOqpTOHTUJebp5yqyeyZ0mu5DKRlYH-ZqXqBNifmBZP6D-gZ2hOxcZ4aHg36Q32b8xSbgTNpY3boBb0zpTo9Qlk,rating3_tidak_netral,3,neutral,negative,0.8661423008392835,tinggi
gp:AOqpTOEgrprulD-J_R9OwaF3MCE4zleS-zMgbdBseGloLDJEPgFufucsFUUeEDeKSThOLTRck7ZgGA3XPlafZSc,rating3_tidak_netral,3,neutral,positive,0.654754115199695,sedang
gp:AOqpTOEym8hqRvctdn7qL3qN9EsTmKrUsYioHnkiil33FLXbUDS1hTvfuPjKVDyHWzGbdgQSxzT9IxU7JC5l_A,rating3_tidak_netral,3,neutral,negative,0.692075179610937,sedang
gp:AOqpTOH4isjNvTvnA9UTtlKPsueBMII0S2TLx-uy4hf6Y-vVzGmqddZo0MvOSR1NzNkIMTWbuo3YbCUlLFOCaw,rating3_tidak_netral,3,neutral,positive,0.6155621029653677,sedang
gp:AOqpTOFhdY-wCaNdUAiQtXZlf073NgW-pKZfHkN7qBFMyNcu4eTmuIANnOJ7-Xd3om_gYGFQ5kgTTebRMkshPD4,rating3_tidak_netral,3,neutral,positive,0.3918048907797787,rendah
gp:AOqpTOGeDbXXTIdhxOM0eIaNMda2ensPHQGeAqvzYrz9jumgyFBNLsXpZa8qkB3egUvQnQWsSmCei1NDoKo80Q,rating3_tidak_netral,3,neutral,positive,0.5151068138562868,rendah
gp:AOqpTOGceLHNBqzmbvUcPWBiDY4KtCnsvrsRlFxERdh3SHH2CDLSMqJgy6Sdf5nJ3l3WitXNh5uJj_OGIwyrzaE,rating3_tidak_netral,3,neutral,negative,0.7563356363939246,sedang
gp:AOqpTOG5a2PDMBIeI5nxAMGiZG-SnT5JWdwQ91e2oRo7L9tAMtQvrVMPURG9dHgnA9lKRcYACVjKzA0BfSuC2g,rating3_tidak_netral,3,neutral,negative,0.8696779952434139,tinggi
gp:AOqpTOFkqxclfeLkUDEAoIMgIidesmmJeiIKOS1CKct2URW86XSjO9tbLwhODH6AUwPKRvR2oaZUibpwrSNWwSM,rating3_tidak_netral,3,neutral,negative,0.7712272148474959,sedang
gp:AOqpTOHB2AZVFfgOfrAWBGgXRejA_ndIEOnwxIediYVT0ARPXg0ameqmJ4NrFmzFTCQtOnngszHRCrSzPh7soA,rating3_tidak_netral,3,neutral,negative,0.353082251037624,rendah
gp:AOqpTOFDgVCQH2Uqnt6b0eE6qc_8ZLvft-uN6PtpZF7UyPQv_FPrai1-haNAEeZvP6NEwSP_UGcZOjfplC1lQ3g,rating3_tidak_netral,3,neutral,positive,0.5585731378664661,rendah
gp:AOqpTOFrnuKwXckIMkVBeWqumfK3c75245GCIjNIX2OZTKqkr7fZgTYYBpJISUSsbvmXHLLnb2vdeGHchnRZZKw,rating3_tidak_netral,3,neutral,negative,0.4204805890281409,rendah
gp:AOqpTOFJNCLKxG0bsxIxNRTbfbaANTzjm8lQ6B3IHNghqjzj09ow13eS2dV_1sqF_5QQ374GP9uQ1CfWFFdnWQ,rating3_tidak_netral,3,neutral,negative,0.5566468073023593,rendah
gp:AOqpTOGi36teFClB7mHLO627V1zTgnpVlc1lKUUjWuFjR98qcIi0dHhuLUaK8uYmeHsPIZRlj2zRK9j1nHd0GOw,rating3_tidak_netral,3,neutral,negative,0.5573380665137426,rendah
gp:AOqpTOFaLCjPArp17MPNNqHOw-kItAJJNlLijx11lmMTbai69ytpfi6qj_mKdcmq8n4Ow6tn749mIdJtkij0Ay4,rating3_tidak_netral,3,neutral,negative,0.4959869268617506,rendah
gp:AOqpTOHOOT8r8dKRptgK_-kFEH4RVe6EKzEs_AOGOoie6HRzVELeRRto2JkJzO5yWhfv2LMrRfa_M9w0KfoTMnI,rating3_tidak_netral,3,neutral,positive,0.6958774842094735,sedang
gp:AOqpTOFVEmv3mKsiDURLoJ0573Cl5-YhlOHcNX63YhB04vCYBUyJHS0jjWooxXyzGT87Ycdq8Dax4K1xR30PFQ,rating3_tidak_netral,3,neutral,negative,0.5431271177105176,rendah
gp:AOqpTOG9UlCI6qGJ3ZvcChxJoRyiyYw6OPCWYFhU4ECLrOdNbPpF93Z88bgMu0bB1WzWcC1GpCen2auHK_Co00I,rating3_tidak_netral,3,neutral,negative,0.6570600235447924,sedang
gp:AOqpTOHqEI5IF5MP31HV2ANdZM3PGDPdjWCuAZQA1ybMoEeOEw0irpmWlTYA5jeAvLkrteaZ1TcIaAICkVC4k2g,rating3_tidak_netral,3,neutral,positive,0.5956349959408717,rendah
gp:AOqpTOG12CzCf60WVMlU3eDi7RPPlV_w60ZjNOlaKnHJBTGWGWpFwioJ59bYjQ4jzkWKfe7zGyl0AbLWv9BmdQ,rating3_tidak_netral,3,neutral,positive,0.5065606142363697,rendah
gp:AOqpTOErLg1aCnDShoTDzMA66c4__raMz8LrapXThJpBYDVy3eMgOCvkKbW-W6UdeuSzo42tYH4l_mBQRWWZ9Q,rating3_tidak_netral,3,neutral,positive,0.6375872434595169,sedang
gp:AOqpTOHv5L10toB0OJaBnFeabkiqajHNYj8JF4ho4qYphlFRq3PbWlyH9yR2dLKSMERP-1mG0SjBfH5CeSzDuA,rating3_tidak_netral,3,neutral,negative,0.4879675703414924,rendah
gp:AOqpTOF4oper0QYv2GhB6mP_NQ2um_HG4bVLYGOzsczbqyzyyoP8yQyFuYgG7Is5-GJZVFenwOOytihpR_fUXA,rating3_tidak_netral,3,neutral,negative,0.571147749119127,rendah
gp:AOqpTOFFkHgEO7rSYIqEzbWYlDw-qvB4rWZMzDXxLeVgJvj0eRGJPzsM8AwN_BQyr9Y5ic-dMXgV-vDyfJJR4A,rating3_tidak_netral,3,neutral,negative,0.7218330043418033,sedang
gp:AOqpTOEmqjC1E3d_3gE08pkIT6QYh7eEStdhjSwnmBlezPQgheXmin2KoeFOW_SluMcQgIkxciRAZdF_UGbPXA,rating3_tidak_netral,3,neutral,negative,0.6536591607842714,sedang
gp:AOqpTOFnE6i7iS6yDW75aOFHqwB8I5y1Kzofw-rCWm7hNg13gCvghw_Xo6nC-EFbID0gYYk9xtL14rbvvL6ucQ,rating3_tidak_netral,3,neutral,negative,0.6490614667456992,sedang
gp:AOqpTOFUnJdsydlj1nRAtVFEW7kqKgvuFXhiBPxzmRJZL85yfZGxDnU-M3D-RNmRMth28yusu3ajG3bA8HNcBQ,rating3_tidak_netral,3,neutral,positive,0.5070082521712941,rendah
gp:AOqpTOGRiyVAJ-a3p3rJjrgjaE86PQIu6URz_D0dLRfkVqZt2JK45DWVtyXNYfQBPI2TmSSgql3jRMeT7v3Pew,rating3_tidak_netral,3,neutral,negative,0.6868088463559063,sedang
gp:AOqpTOERv3RK9qKC2YsuyJWvoosb8ooZrd4_R_rO-VoEi74RQHzjPJgKf_Fl84RgP_mHlvZ0yYuKXgScvtfrQg,rating3_tidak_netral,3,neutral,positive,0.3806338562588094,rendah
gp:AOqpTOFOiRRTrwevSqsBBZAcGy0rnGKyS8hH9jAo-9apKmtzIxfuYR8YEflo2GeEq7E4IzsR5eATB44LZ6pCcg,rating3_tidak_netral,3,neutral,positive,0.517982609694293,rendah
gp:AOqpTOHMVnaeV-7mJqHgryHuIIGNc9o8dI73-IBuAAZjoU0Ai56okPE-KyjbTHOChNV1vODi78u1DWCpex7Hj_U,rating3_tidak_netral,3,neutral,negative,0.4883670670019456,rendah
gp:AOqpTOEl19eY0mN1Z-sjsyaUh_u7wF3ylybOEjUEYy5mbS7TYqgGVNRLXzW_sEDlLnNAyjEte8TlR2TdCcMMNQ,rating3_tidak_netral,3,neutral,negative,0.558225974697467,rendah
gp:AOqpTOHI4mWSD-O2JTkQY5osloB1Fr4olSjZZOoe5R0E6m5nHeRILbZXygu02qxguFS8Rc0kegU2O7g6F1maKA,rating3_tidak_netral,3,neutral,negative,0.5338167220577651,rendah
gp:AOqpTOH6GB29gcdPqQSpWkAhZFRdCxUtKwuXObmCtb23qWg5jp8bOJR4-HbFAnSTBQp9w32FcxClDiNg6jdn,rating3_tidak_netral,3,neutral,negative,0.6296173507310788,sedang
gp:AOqpTOEx4edMeMgAXrd5woCbZgVMJNvgm8OA8AjARwiYuAMT67o4fit8yEMw33WXfkIqWcXaXxOxm63ixXbrGw,rating3_tidak_netral,3,neutral,negative,0.5093253853792922,rendah
gp:AOqpTOF2wyGo8btCuLLH_cd10axFRvlc4er3IYiZwjtva-lDf3_rRtj3-TjY5vwDv9mYFX0siKujrZGXAdByyg,rating3_tidak_netral,3,neutral,negative,0.6561878755073003,sedang
gp:AOqpTOEckCsKSQR8Drn4QlapFwzSyGLqlsPLF_zBk3bUfmGKiK2WZFJI8c2ysDy0zfoL5a-PTuo8LBYELOYIbA,rating3_tidak_netral,3,neutral,positive,0.6867480516326914,sedang
gp:AOqpTOFGcmh6Jl5duGQlXWMnqTtEwxP18HXcvYC0uMFjguILwvQL8zrAUPpxmXy1SriwjrmU7TY41jdw01-W,rating3_tidak_netral,3,neutral,positive,0.5508775513580686,rendah
gp:AOqpTOHAuiJtOCsLE5gnS9X2gm8UeozixBAB0he6yIRzjGAgRM8b6SfKKCK8paHIRsLCjzazZXWsOn5ZPZYDvA,rating3_tidak_netral,3,neutral,negative,0.4511471638366168,rendah
gp:AOqpTOE6GYbK18YsZGzcmFykk7WwbOAelDyL7WcABShfAFyzHnjlZ1NW-tfv9ikw9yrchXwSj4mWD25iy69stA,rating3_tidak_netral,3,neutral,positive,0.5058580726908685,rendah
gp:AOqpTOEI-01SqRNJn8Q57SCH5Llq2agylC2e7a0V4Uesgh7_WYYwvjxXLuOp1AxQHzHtPoFAEHF5N0eikokbtA,rating3_tidak_netral,3,neutral,positive,0.44758577681489,rendah
gp:AOqpTOESNgHKmAm8vbmG9jUCQJq-NngaQ_vR5RGo9sFqaSCOt6ZEFWOU2TM9u3lUhRoUe_u_KzqdRF6B9HpRJj4,rating3_tidak_netral,3,neutral,negative,0.8015101645106679,tinggi
gp:AOqpTOF4qLYP9vSNhU9ifcGPCEgff4fGINwyBUvwoVH9qitov8Rr7QUiGwthhO_ZOOwFcC86TQVLvB5Ypyy8uw,rating3_tidak_netral,3,neutral,positive,0.8643291071508393,tinggi
gp:AOqpTOFM91zK5K8Je16vmJrepg34jC3nEkyCLoUL2UdXmsTnzZvTvy411lFUufQyvtweE4UzEHo44RgRIDKm1Q,rating3_tidak_netral,3,neutral,negative,0.4481218740871268,rendah
gp:AOqpTOGcHAd-noiMVFUdMKi_eWRhY-S0I_6CZ2PuJi4JowjmvmU5Nux3r1xBizwxu0Yblm1ZXpFlJYNg1W4XhA,rating3_tidak_netral,3,neutral,positive,0.6811776919795923,sedang
gp:AOqpTOFX27qJJhUu_gBPQDDz3M1wNPBXr45R9vQpylSKKncl6bhBYll0ToEFxt1mSMDA7bIDhM55UT9uk42wQSA,rating3_tidak_netral,3,neutral,negative,0.4049286150555065,rendah
gp:AOqpTOHCwncK-rJLlPLt7kGaDLAr795kPmE71MUfKLqUrifH0hn4U4wpAxJdxjJZCeWxJ0LDy1H7ZLVOPsq6,rating3_tidak_netral,3,neutral,negative,0.497347300963074,rendah
gp:AOqpTOEwjvF9ZMSHb1df630aF4g2tslurc0B9TGgpfLZSHmthVV8UURp3hPBr0s54LywoJyqMOaw5gN8lISNsTw,rating3_tidak_netral,3,neutral,negative,0.6689901224737909,sedang
gp:AOqpTOGM9JwcEZ1NvdrGvTCQ5eURp-tqtVav5WgEi6wqRgGxpYCUbn8kWJHfzeVwaBRuznTs7JaN6ZKmGJ3FAUg,rating3_tidak_netral,3,neutral,negative,0.3958835966695359,rendah
gp:AOqpTOHyLm6r-4PE4YOuYB3OHHd5iG5-BG1ZZGv8V6mdeCtcUBPk_hOFer4skUQwzOqcm_6wMXiStolIWsxaxGE,rating3_tidak_netral,3,neutral,negative,0.4240272188705335,rendah
gp:AOqpTOH9AT9ODUU2Aux4vtuqg_5DLITHKBCfKFK2NEOWl_eZdkidpHKnun35cnTDUDBWj9z91VSBvSr4YIYIjJk,rating3_tidak_netral,3,neutral,positive,0.7913395835160723,sedang
gp:AOqpTOHJHLEVjByXT89N9b6sXjtsMIcjwoF-qkdtI-VnwJQkucsJ6JF6xWzHs854BSibZrsoo4XATxwNBSRFmbM,rating3_tidak_netral,3,neutral,negative,0.6703458605894009,sedang
gp:AOqpTOEf7Eo7CqUMcDqYr9c0iJUZmachuHDjgxh7z_BXJkPydYcTxTO6_SS6alJATMnpVStGnXC3epggORPnFg,rating3_tidak_netral,3,neutral,negative,0.5058928299416271,rendah
gp:AOqpTOH_Hd6NAher_H4a8nlXq-MM35yF9Bzp94GChvM8S5Hrz0nkSTGXGn4Fbie4Nw_p0SE8XiGO5ib8LCi7uw,rating3_tidak_netral,3,neutral,positive,0.5641925342371344,rendah
gp:AOqpTOHHX4BVINj-LP9drCO7dpyov_kSQXvDI0_xM2DR2EhAbNg_5vrWGqiU7bFYualS62tkzqt4xw4JSFVhtA,rating3_tidak_netral,3,neutral,negative,0.6032309965665963,sedang
gp:AOqpTOHB00Z4YoXCeN5i5TBJYQzwHWtwlpb7LMyR0eb4EF5Ft2DxflNokfJe5cBc1E0ikB14fPBfq_utT8H_Bw,rating3_tidak_netral,3,neutral,negative,0.5028342980526638,rendah
gp:AOqpTOH55vNxHPwj4WoOYxsWNIC2vZ6oz3aDTrVdQEm7FtusbhnjI70pTarnqC3e4ijJVIx9H8QHvnUWCcQ66w,rating3_tidak_netral,3,neutral,negative,0.6565979313272018,sedang
gp:AOqpTOHJ8ITwRcbN1Zrx_tpXxjQj7pRXsASe4jVuxNEg7kRfPDmB70I__jRcz1iB9Pv7cccayut2y5onq-UmKw,rating3_tidak_netral,3,neutral,positive,0.5926251639023283,rendah
gp:AOqpTOHn2_hLubDHXYedLJzo5x9H3M6Z__zvMr-QNeiX7NpUGHwaPBpRmMBWMSIJf0OKRmth0GtyKX3sxBf4,rating3_tidak_netral,3,neutral,negative,0.4895446235846966,rendah
gp:AOqpTOGbuvdAjlXkO940UKN7dhO0jdYwCFBi-ooI3WUkfI_mO6JB4TP68ZV7V0IrOdaOY-hH31GhrCCIm0VoRw,rating3_tidak_netral,3,neutral,positive,0.3867004096668543,rendah
gp:AOqpTOHpZ5cZQ1tWHyMeJ3EZdJFD70UvGT4euDdgLKf_Voy8h1PmnoGzvy2bXSZccrBjU5TyLt9Jcz3NHYNJdw,rating3_tidak_netral,3,neutral,positive,0.4912578312607438,rendah
gp:AOqpTOFmDUfmOLQ8yPNxD0fLuKzv-O1NOQMhvlQotn58k5lbeebeqAnzlQtN1AbFgxI1VX7AEv4Q53rZYKmhk_w,rating3_tidak_netral,3,neutral,positive,0.4404724018809958,rendah
gp:AOqpTOGKeFc6T2i9yhHDNjYzR4IAjhTVCm589EypWgyl8Bv-Jldk5XZpgpIUlhWFAXSxeYQrx6o0_becM_6bkA,rating3_tidak_netral,3,neutral,negative,0.4716391913177086,rendah
gp:AOqpTOGLPZ1aaUEA5IMbDguBI-XNOGdP37WOkctY4rLVObMropMIJ1ZHMskaKpKicDAHJc8EUZy-uqNzYcT26A,rating3_tidak_netral,3,neutral,negative,0.45405577928948,rendah
gp:AOqpTOFQQ3qXhkZqV20_Ey0J4pMPgRHPU1iclEvWsOgr1fcr-RxelT4us_dUptbbpxGxsIsLE-3AjT_YfBc49ag,rating3_tidak_netral,3,neutral,positive,0.581088176877624,rendah
gp:AOqpTOE9rFeNGsDsae3e3bC1vYc-PgkfMOJxtID9BcbP8c6qMqMxptVYkRn-gEzszj-Y8rImTeCx6TmUr-10Mw,rating3_tidak_netral,3,neutral,negative,0.6840929897799648,sedang
gp:AOqpTOFHdCgl-zadpvJYkT_he0DOxIsVpoa2G2wdixUDHv9pctmD5-OmkpSEyIwnC5qERxED7Zc-h_VCGVTBSA,rating3_tidak_netral,3,neutral,negative,0.4054721929836755,rendah
gp:AOqpTOHGWLcDN3kDRYDJBDFKItFhnCJKmtVUq3fohmdrfYbB_Goew_XydLpJlSOCoAiwDW1itSB0lamyQDgM0A,rating3_tidak_netral,3,neutral,negative,0.5984953484489567,rendah
gp:AOqpTOHY7wLODpdZqAYS5ktdLKpFgMDXD0n9Z5PdVjvzsqz-JhmKzDDbm3yRjKMpCy7MvorORQIFBYWWmkM2Qg,rating3_tidak_netral,3,neutral,positive,0.4625232579433216,rendah
gp:AOqpTOFQJvwsti0blVW9NHYlnirSDaG20Rrosjx4eZj-Qs9YaHDEhn6ylA1V12YgO2y1yv8XeuRrmgm9QR9_8A,rating3_tidak_netral,3,neutral,positive,0.7593907673770293,sedang
gp:AOqpTOFuIBM7fHo2T4uKF1rm5s45htEyGT10LQgNVxkqCINpjGbfrugjJK5826iuJ5Ctxsxheff-MMlsdW001w,rating3_tidak_netral,3,neutral,negative,0.4871674561548799,rendah
gp:AOqpTOEdCtzwvKuF-JFJ_FXRs5zlFTHSAeBbpxeP9XL-K7YbtfnZGiGQnBjHFCzuAxYlTV5kwbJeaDJz89D24Q,rating3_tidak_netral,3,neutral,negative,0.6531447233692513,sedang
gp:AOqpTOGYYE-iu67tb-ktXqyylmqBhNH2iRsV3xGFWFyT5FgY1X7q0PXsziSzHk_pwb9oBqbO0e_hAI1I_P7Z3A,rating3_tidak_netral,3,neutral,negative,0.5749639330150814,rendah
gp:AOqpTOGfJxjivxbfvl_3UDwhFhc1nY-oCUGZgBEUBUuDATwqrLnbfJKiRf_YsYjGUFQmR1uo_n11cVsNDnwbLg,rating3_tidak_netral,3,neutral,positive,0.4574954785201907,rendah
gp:AOqpTOGGcXIF3z3R7_gM70fO--pWFoT1Qqh0kW6pSfSC-9QxOBXfi6ZSD1_cjgEtp28ZFiNOLFQiDjUuxk2QoQ,rating3_tidak_netral,3,neutral,positive,0.3863715557596041,rendah
gp:AOqpTOFpe4gfZGIEpp81nuiuI-dO0fKzeEMq6djo0qbKEB0xp8vykX2Anp8AdjqMF5xIj-BVEwxHnKQ1TaiE6Gw,kontrol,5,positive,positive,0.8634936561276078,tinggi
gp:AOqpTOGxkiswlBhrrnVfobWJerAYVo9-v13CTcBEEcxvym70zoZWE2o9or5wmZixKWhCeNo7mlZciLGm2Cl3aA,kontrol,5,positive,positive,0.952173029691451,tinggi
gp:AOqpTOEdi9gehIyFTu9bG3zBNXgNJ2DGR6iJ0k2ZaV2NyzEJnTn5JGeQQGdaGRYJYAumFE2_gzqS11ANrKHZa0A,kontrol,4,positive,positive,0.9462854916775244,tinggi
gp:AOqpTOF3HhrXzgh62GmfaIHLXh-gjYs9KQryqgHyyNKOtw_X-fpQq5WPiVrZ3ZKxW19cNFZJXeV9TwdAHsHqXHY,kontrol,5,positive,positive,0.6722933355966828,sedang
gp:AOqpTOEWyMF5Ebl4F9hkHtw501_TnZFeLAHWBtvWKfJa4CFb_oGPvFiiTUOrxNlRPgpJHg4axRWYRJLPEG_Efg,kontrol,5,positive,positive,0.6067500839089237,sedang
gp:AOqpTOEHvSVTkEbV8jUpYKCGQMypHXFcndKV9D1deuwFUhKetCC4_39XZKYhJQCumClbfa2uLWs4-HyoIoXePl0,kontrol,4,positive,positive,0.9460344308273464,tinggi
gp:AOqpTOELPUX6bddDnE1pb8JsWJIPmmTm1HGZsDTnSfdZBmqTl_yBrnKiRmn-VLaB7wQveljUphoQSYP-Op3Mqg,kontrol,4,positive,positive,0.6621970925204346,sedang
gp:AOqpTOHqd8ErbBaUAH-ad_IxYjIG7EgNrcO06hbK0D1r86lkNSjDF7yW_YEskZXg-MM4qUJy2daRPBaK7ZVSlKE,kontrol,5,positive,positive,0.8734678781538178,tinggi
gp:AOqpTOFxIKh9kjM6UkZ5H9ZYZxoGBpvwu4x50wV2xjW8A-d57mSFaAkgsY3OydoHYn6sd3bFLaDji4uZhSCbnQ,kontrol,4,positive,positive,0.9353365520510696,tinggi
gp:AOqpTOH_0iMB_1lzqZpbJxcX3siKJgdTHBH-28BlDndLZmadny_B6a09HsYSroFVS-wOej_GU_yRiL-2qZWTwQ,kontrol,5,positive,positive,0.7813726532843515,sedang
gp:AOqpTOGofViGeFCZxTpuyn1YGOo-Ny0-AMmLVBlz-G0z8hhlgNyzWz2JfgkMSVLkaQyjUgnEdPLzBISvCFD7ug,kontrol,5,positive,positive,0.3918048907797787,rendah
gp:AOqpTOHod50CYL_6J2eYJHattAEPsibF1PQsRKKoHLHSBosBMBvgVSMNKrLNv8872khFdNuSOwtYUUzkyt2XBg,kontrol,5,positive,positive,0.7737493146497648,sedang
gp:AOqpTOFVtagdzMVCSRIitcbwxg5T7_WK63fCDm7jXrhaOcteKQJ4vIWBDkSd5jNvV3HD-p1-R_fXu06oMZlEYw,kontrol,5,positive,positive,0.8551414021353262,tinggi
gp:AOqpTOEKVaAkSp-C9tkd9vwRUNPo7KlEZiw0hBuuivudBn4NXe7dEVHcWL5GFLw3QpwlwCJZ0ZfAu1JDMUImBg,kontrol,4,positive,positive,0.9403483764318984,tinggi
gp:AOqpTOHU-51sfrCQEe9jIwhn8TV-PrVKQEkkc7f2oVJpB4gO9RaSWCEelHX93ZFMxGGkGUFbqvfnJR7TyVwN7qY,kontrol,5,positive,positive,0.799161412944191,sedang
gp:AOqpTOHyiGdacD0-ggn6IDHYFNRQQBkzZzRsEubYxLE7uVZ8qyNbCJ0e_WzbhFeLXyuht8doQBZJsK-0XZChOQ,kontrol,4,positive,positive,0.791275929491381,sedang
gp:AOqpTOF56fXFr2VugR6uIiMgmnYw6mU8htDCSlu4lBw3FC1qjlH50BbcI4CdxzKyl-JHeptuOpDtfaRtLjBDl58,kontrol,5,positive,positive,0.9066962286060928,tinggi
gp:AOqpTOHsgs0E9mXwu5B90wfbtPc5aCK1_WS9G2asV8wTJ39olsJ8rkSKUZvabhPPssqNmuw0iysDYAVvc3nrlA,kontrol,4,positive,positive,0.5800401653004492,rendah
gp:AOqpTOHIh_UMof1AqUveeB5y_qhRccc4YSPbyNnasHyyS5ySPcqMhzvS5dnSojbQmw3KE4BMGUDST5TO0VJlkQ,kontrol,5,positive,positive,0.9296650830183072,tinggi
gp:AOqpTOHMJzpmbZbptV_BS6jkhIgOUpnW7BJT8mtiF-szc_QIhivIXMJqCXJtPn_PxfsZ9ho0tT9OApmjKPG5Lw,kontrol,4,positive,positive,0.7428143150364451,sedang
gp:AOqpTOEYLEYOQdVtJ90_2EhmqL9wBcTw7XxTUuHOLH8yPh6cGBdAG5CUKTU-qWoLWh6rud08Y-CH1wpOOUsRzw,kontrol,4,positive,positive,0.8316221266901451,tinggi
gp:AOqpTOGibMHUy35b84JKH2A0J-gO0bsN36r5j0gpu49ovZ5y7qxzy3jcmO4JCm8X7lfV-0dryHVY5aswqO3LZSQ,kontrol,4,positive,positive,0.5071844679928698,rendah
gp:AOqpTOHGjcjXK4itQjHvaSPLCwKNe_e9Wy4xBooSTzrBGryzD1S4dY4MxDj38lRBPgeCEMmFaWWsGp_-W14Iuw,kontrol,4,positive,positive,0.3878363193273848,rendah
gp:AOqpTOEEaKL-dZ-VcWP_9IfOlln0ywwn79tps2dfHBeMmq3J8PH8H0vZRHy6Sn4FQcyCMxwkjlOYe_EUI2lsSQ,kontrol,4,positive,positive,0.9751329389308456,tinggi
gp:AOqpTOEqy5eKIr-nSi3AiuU7necyoFMrPpFWce7fNgvQyG92SoFm-hb0wWbG0bFivBkBQ7SajkR1UC_Jjt6lxA,kontrol,4,positive,positive,0.477539467661398,rendah
gp:AOqpTOFQljDvjXQJGR-D5F1C3YHAtO_6YCdlQ4gOrnG-whFNmhgVhxqKhW2zDydjyk3iVMrKlyn5-B-s_nLG7A,kontrol,5,positive,positive,0.4367835791274154,rendah
gp:AOqpTOGRdYjwJvp1iYp1iWbRJSY0cmfZMiTkjxc1V-oLdaUnNIZymutcLMBgCkB8NxN2lh1lwfWmeEumtpj7NOc,kontrol,5,positive,positive,0.9099651905121942,tinggi
gp:AOqpTOE_8mBmlW2G-H75NAYCcvl1A2jT81MwC6ONVxT1he1WdfMMUz6_P8cIhUXKkii7ErbdxGWhyaMpuye-5g,kontrol,5,positive,positive,0.7872120631633908,sedang
gp:AOqpTOEyRLnU4AqU3oAJEDcBIb7fyn90CiXJ6TGuMMhA4jkvPfkMbjVv-o74XKaZs1eZvm_oEg-mPM9D-DMELJU,kontrol,4,positive,positive,0.6723824530040146,sedang
lg:AOqpTOH0BrJDxx7G3HHu-2dSn6oUI-vQNcEB52Dv6uFHI_o1Z22s-NhwLhRjk5px7K5RCfN_nmLFaPcFQ4s4SQ,kontrol,5,positive,positive,0.7221277466421636,sedang
gp:AOqpTOFuILUgyo6ZB47CkeCoeXYi6HXdIOi-0_CHmdNYkDbqnMJ1c2dYgFaqDDw0nqCQfNX8oM9my8FfpNG63g,kontrol,5,positive,positive,0.8792344611602286,tinggi
gp:AOqpTOFcvbiwOppr3zJZJq9GH6ZlbWlt-dDAH6Bmi5HqFUhxsnuj3Ji5jK2ihEwzVcB_HCWqY7KhgYk1B4gJgg,kontrol,4,positive,positive,0.5838304229392755,rendah
gp:AOqpTOHf3Cyu8biC--Q-jzWqRMYDo18ucWUv6JgtG8XROR61M9QZ1mjmrUbBEu4IhT4JlDzN4d5BtI97ccO63w,kontrol,4,positive,positive,0.4172663068689974,rendah
gp:AOqpTOEXKyseah1ZIbLgXlmIhf73OfvQnLVpGGTUViEXbLVecwf8U2-lDeWyl1LfsF82pF-HE2y1JfaUK5Ez2ks,kontrol,5,positive,positive,0.7368175446701632,sedang
gp:AOqpTOHQ1Eb7Qk0UUGxrCLCJqqMCyYbwp4YLF2nn0rh6avQuiUz8zeVfqLGhSbCbu9oj9Dh7l0IpHshZYsKAhB0,kontrol,5,positive,positive,0.9722532068657866,tinggi
gp:AOqpTOGepmU7i8i6jE70IKk-6Ue9DKR6qppS8BKu2WIPYNRv3JIwlBVKRRT6hjEI9YinFA4Pu_UAuFNiDPhxmg,kontrol,4,positive,positive,0.974330079743662,tinggi
gp:AOqpTOHXQIByf_uEnUFJR5Xkbts0ZVRzl_VEvJbj08YqJqGR5i2FaKcMeGAFN6E64gzrDp_HG-Ns9hTwqN2M2Q,kontrol,5,positive,positive,0.9564368242336428,tinggi
gp:AOqpTOHau_6vm_X5mmJu0QDx0WVywW7sK9cEueSCEfhWkAdQLJBpsXG4MaboKWYXB_qA-CN1BDH89VCRagxy2Jc,kontrol,5,positive,positive,0.8195853205890307,tinggi
gp:AOqpTOH3jmHmsxA_lqsQb8C67IIxUaRxgJASudVaDQQgTSVFgZicU7tI9RpHRvVRbT3thKYwvBxdDaSqeeQygz8,kontrol,5,positive,positive,0.9477978301118716,tinggi
gp:AOqpTOGr84Z8FHpAhUJ60iTgvh_YjHuXU1Mc-fFwsIVS78XYgDEJp5PeFfzY2HHMazo-4aLi-4fqHLhhULdVrw,kontrol,5,positive,positive,0.9568873859224118,tinggi
gp:AOqpTOHfOy-Z5toHnyyqh8NpBfmP3rpow3npHhKApAo7CvR9t_sPhInFCVrMTDAEK54Y6JYUDa9Oy2j3FjLOHQ,kontrol,4,positive,positive,0.9723722439568218,tinggi
gp:AOqpTOGZUTW7SbfQAa0a9q8iAZQOX-TouK9qOIzJjwlDoNkC7S4Ue_8WWjAtcrE1z3DW9xRUQyvg3K_C3hv0MA,kontrol,5,positive,positive,0.4728727688693381,rendah
gp:AOqpTOGJJxla3mFfBF9_OE1U0S-U1FzpM3EmfuyOBxYjydR350Z5roJsQYZHqmwkQTPkCwXfP8tlRS5D60XEOPg,kontrol,4,positive,positive,0.4455739381935688,rendah
gp:AOqpTOH872oebPtX-MeXuvmB4EsfakARGXLN6zl-hcEXG3gJv4ZLZzY5iUZXm-wKHwRC1hq2dyf3s4Vb_Je1TG8,kontrol,4,positive,positive,0.989823213235038,tinggi
gp:AOqpTOHG114Xh4kaOL0FrhdPM3Q3xz_nGd_XCF2R1ne1w8QI20YPOM0g3X42Y5Zjku2wCHtvtmkVa3u0TKVSEQ,kontrol,5,positive,positive,0.9425078401152884,tinggi
gp:AOqpTOEk3z9_gZPdrmoL9BWwLIbWc5J3ZW3urh9Xl6-r92LZlH8basUg0i1VsqlL3fB4unxERLiCAnmIStW5BA,kontrol,4,positive,positive,0.6359002721840024,sedang
gp:AOqpTOF1V5wgkiRFdm_f--rYADOpMagPxYuUvkP90A5p_cwSO2WnoFA8p9DcWY6ijprUYyNK1jzoXNkVsnaeBw,kontrol,5,positive,positive,0.6175447896197648,sedang
gp:AOqpTOFXeO8XFcXg7DJXRKnmDiIPMJpA1KpjG_wZ-85fcMZ60JcDUMDiPHv82L7UVYjtmqHDbAIkVWQDvulyJw,kontrol,4,positive,positive,0.3691644571820261,rendah
gp:AOqpTOFREi9BmfkLdVrj7rpzLvfN7t9EX7ddU1kewm2j1lvEKCV2RroiPZp-fOiMjTwbn2O19Rjb1dbbklqw,kontrol,5,positive,positive,0.9162691562831636,tinggi
gp:AOqpTOG3UVy8g3SJDLtZz-SckpBfU7-rIS3oKLnOClz2oDOECYVGH1VljWeNOT1hgfbHtMAgK3JUIDMBMxf9xQ,kontrol,4,positive,positive,0.9629394346913056,tinggi
gp:AOqpTOGTpstjnVcOJ4CVH4ZFXFSNcupO8DcT2F_rQNs5Lxq_tG2X7xmKTLG6p421g1O15100XfKJFFVatV3lUQ,kontrol,5,positive,positive,0.9161478524051118,tinggi
gp:AOqpTOGPu4-IKh5MsSBnV-mF3jfy6UxbTa6n4Izxb0wHv5xIx31tMsKbPczD64jKnVoDHJ_ffQbIS7cIOL6O1Q,kontrol,4,positive,positive,0.67494969320192,sedang
gp:AOqpTOFDobW5yupOOaT6xW0zZH5PT5aj4QMxdLMh5D_EPLCYehWsSzg1Svhzq68Neo1rEZHx9j_E8DX-tyccCw,kontrol,4,positive,positive,0.6093803562019138,sedang
gp:AOqpTOGTlXNIMQI43Jcnz9Y5L6ycEwHBMqpQYDccScJscu4GGJIE2ucRNh1cTiHLmDDCEoYEnb9dTUn-t6NP7A,kontrol,4,positive,positive,0.7081258349709733,sedang
gp:AOqpTOEAZ1GhYsa61jxs8AIlzO34aRtvXCo9KXwz2GRy1JLZUgj27wS2nm-D1xUodtjeaZVmTmDPwH0fKDkirW0,kontrol,4,positive,positive,0.6364187877733345,sedang
gp:AOqpTOHo2AyQxq8OY5yXunpXl6KgMKWdjE7AuPN4S5cfAWzmd2W1CG_c5ZXsgHdotqSHu3efm1DYrPbLMdsXGA,kontrol,5,positive,positive,0.7624042479961883,sedang
gp:AOqpTOHKr37K5JHJ8tCIFhg7Aqb7ncmAncAd2FWtkAKZDYztRzqlKd9C4TQwYJEYyIki89AuBno0RsHjHvAb8w,kontrol,5,positive,positive,0.7383405667464881,sedang
gp:AOqpTOEJIafq0gJn_b9FbU3t1fCNKLiadPTdo8XNrvT42jmud_4FYlYSjPjV1VLUfWmJu2kArTYfnksGC2p3Aw,kontrol,5,positive,positive,0.6213209035525455,sedang
gp:AOqpTOFtmjCGtcxWo6GWgqiSUAde6QH-kSsI8RitQx3ggDKLxfnRB6Dsr90M6y7tIT0uGNC5jMa1Z9tBJEXIGw,kontrol,5,positive,positive,0.9388897061482108,tinggi
gp:AOqpTOFEhNgO7LNTxWnmzCQWo-jLdnXSePrG5o5AZvEup_oqpjoxOWGkYLiR_ohwjl8-LwRJVjQyVz38iVEz,kontrol,4,positive,positive,0.6135199770684531,sedang
gp:AOqpTOGMU4-vm5DhEcazXO9L9dG6e2GUBWyA9M3OP2f9zF768i9RWWEkdw3izHTfrJ1tifEC7_sdkazUwuibp2c,kontrol,4,positive,positive,0.5474723759631601,rendah
gp:AOqpTOFDMukAXlLr1_faubNqYENH1pspuD8IrpLcfIiAOdmmbW3o93VG0BTD73lMmBhQEFClrpWS8vYDuT6SyCQ,kontrol,4,positive,positive,0.7826666926425512,sedang
gp:AOqpTOGTwE0A8sopsI0EoIF1SSYW5kIu4wyEjf5KB0BlN79smoaI4kX65EyBSrsDF9_dZXj1VvoVyr2ZqnAF2g,kontrol,4,positive,positive,0.7951258863766352,sedang
gp:AOqpTOGHUlDXgToxcuGIBzQJdA4yYmOOd3DMu7oOadZlMBQrHzT6xCDk_9FcG50CBY192wQrrsoZ8Dc_XXhTe8w,kontrol,5,positive,positive,0.9835760267598014,tinggi
gp:AOqpTOFr8n2WWcWZFPAyW0f-_GtyuEjmKmgh0iWLe17Y4hq2eqiBcpQcGJFS73lpfYVZM1LCtmbu2fuhlVDlJaw,kontrol,4,positive,positive,0.8975005197288637,tinggi
gp:AOqpTOGNY_CZ5fsVkY-9L14Ilt3z4sj0ydjhFZEwl3yxc5XvqOE5whE1ec8RejzzQP7AXuMiCzEYny-DzFUaAg,kontrol,5,positive,positive,0.5152740524879728,rendah
gp:AOqpTOHDTkRb1Yxpgng4WRrWtnADszB4NcZTZ6TC-wItfItvLEraaPF7jK5YE1_0ufYikzI2ohnRvEiVAoNC4A,kontrol,5,positive,positive,0.9731766748372304,tinggi
gp:AOqpTOF7yV5lpf10-r1jk66O7p98HAvzoPl3zsJnryO4oBjUR_2jN1Q8nvxRRBI5_YGXLsyFMNRbYYUJ0jVa_w,kontrol,5,positive,positive,0.745349047296269,sedang
gp:AOqpTOHjiSZV44CFtBdfbMQp3hSmECuoROOMZHCQVW3-zOcx7N8TlIzN9bQd8BvCluodKgf6V0fVg68G7CNwQg,kontrol,4,positive,positive,0.9497738289871388,tinggi
gp:AOqpTOEfVq733U85Fs8gIcQL74IgP0eds4CJQz4waHgXu_BFqKa9FRS_NtoXgTCrjEcClh1Bm7srdenptiyVnA,kontrol,4,positive,positive,0.9456738132782628,tinggi
gp:AOqpTOFsQnqeEHWSZUd_O7wL8XxUfI8IDzCYcgjRHqjkNXI9jeV1_zI5pUSsjePo1hf-RZF7a5V7JlFfgQgrqw,kontrol,5,positive,positive,0.9477676737095392,tinggi
gp:AOqpTOHIZOoJpYasRH3LU5czFjJYD_swGo2S7bKS5U9xbiQBD5MzuIFgQeXMshpUQQhm5CmXzICDDwbvTiFgTg,kontrol,5,positive,positive,0.9297506299500994,tinggi
gp:AOqpTOGMzfIbp6WXJUkMYbo9o2HSlfc-x8eRoyOiUXz8zovicNzyDb71t2HJWNU66WZinrMpc26-BUW46_jRvA,kontrol,5,positive,positive,0.6997079239740136,sedang
gp:AOqpTOG4SANMEZEzNrR5HsrSbDgEXqqAvvwzkmWp5_bEZhwysQhNUU0iGduJQtSGcbLF2y9yK_L-1SggjFN4lw,kontrol,4,positive,positive,0.4420244039570882,rendah
gp:AOqpTOFtXq5BnqrtkB0U1Gj9zE1CPEJGwftTcUN3i9_ux7I-xuDCr3YrJi_Fko6iFGglRYmco9ne--TNUzegoYc,kontrol,4,positive,positive,0.4749374265185134,rendah
gp:AOqpTOFygRCH94bRGjv1vng7_PA7Ab6blOHqM0ZgMUka5FpeKYuS3tmi_YE8JmbIa_M9RTTLIGxQiNGPDcxsrZQ,kontrol,5,positive,positive,0.8533676655741029,tinggi
gp:AOqpTOEVg8ZQqFkzj3OspLvm6VCbBFOT83O6BicEx9z9j2PXeJDGVPzyzLcQKHjtyF2b8Ie2M3aRD6aDv9cwxFg,kontrol,5,positive,positive,0.8284021605113276,tinggi
gp:AOqpTOHfsFczGvNDCly_IlG6NHBgx_b2TnGvT3MRWMEwPk63g-6DmUUltr3BbfhCPulE0aH-dkfTEuXLzYrdAR8,kontrol,4,positive,positive,0.8885085969233394,tinggi
gp:AOqpTOGFHeIUCt9Ej6gJc_xqzQwEP3FUvVPSKvzwxEBT8BDq-WVh8qjRtElEFYlUsMYCZ4m1MFI8feMPoFBPtg,kontrol,4,positive,positive,0.4182974559572495,rendah
gp:AOqpTOH82d5rYoE0JM2esu756aSj6l21jS9MACYAljoeM0-2X-AZXS_WKY0y_U8SVu5brz-oEn6RmRplGDP0XQ,kontrol,4,positive,positive,0.8259721760152915,tinggi
gp:AOqpTOHcbTGOFXUcAbOIGV1oRw68zH0P4TB8QV3DtjzC4f9WtiYY57REWCnUVPcSTT9lECX6XP3jS6rh26SbPQ,kontrol,5,positive,positive,0.5680512793471143,rendah
gp:AOqpTOHnT18qtCCJObkf5rBCSuQ08bIR5J6tCcBzzHczTxzkln9neY3F35ZLe1H86PZcVc311FHJo1wdIilDnSw,kontrol,4,positive,positive,0.7082423932816987,sedang
gp:AOqpTOGUYP8yrjvZpod7qdPYxEm6smiyVzAjFx2h_B-PxhS6WuFEsELodwmFXrZVwgGDjbrEeyP2PTMpNcHniy0,kontrol,5,positive,positive,0.6455886006109497,sedang
gp:AOqpTOF6jdGYkLbYA3wi1o0-el82p457bO1p_J1j1dpOYzBQroJN8tNkwPIMjZaW9oS2wlB_50iNFGHQNwn26q0,kontrol,5,positive,positive,0.972177855652549,tinggi
gp:AOqpTOHYt5Ye1eCpwHgMbnqPIhYOrUDlSJ-z1_oXnffREAZu3-I-XFqaq3sWMCNRpZ1G6U16iDc0iri73w-6WMw,kontrol,4,positive,positive,0.7701922128731982,sedang
gp:AOqpTOE2y7oI7mzycIsaqSugPPqECkHzOlCFWbuiD1UAmLIluqOK5xSF2-G1aq8BacsFW9Z5nHodXVYiFkiKNDw,kontrol,5,positive,positive,0.9358543411617,tinggi
gp:AOqpTOHcdRepcITnTk9lvjTWRtqar1e2kMN-MMhdH6e9Fz7-C7K-iiL78QzZ2MHzHJ5sil7z3mQthDmKGj__B34,kontrol,5,positive,positive,0.8621040717388845,tinggi
gp:AOqpTOFJ34eRysrpGtQcId84isy9irByDUqG-cB4IZxjR77j6I3l3Y5RlQrRsh1-IR3QAN68aExRUYKBlWP9Uw,kontrol,5,positive,positive,0.9217422982808952,tinggi
gp:AOqpTOEaobGgAcL9l0iE6764LCyBTfW3cHGboa_DmXDUZ2NOezRtgU66mdF0tBETiRCxQGMH_pJdocSeyUEZDA,kontrol,5,positive,positive,0.7812507260399069,sedang
gp:AOqpTOG9LkS4k09DwVYQo59cuNCvCnDyj9K1wwlIEvXntvaQYNC73VNs-QbOsao4QJmlAhA503PayA_trledZA,kontrol,4,positive,positive,0.5014096620828162,rendah
gp:AOqpTOHBZ1bBjn8SfhYcxHyRkfVUyXzVdDIKvlJmIBldjVmvPMQANZfhRAN6KsdiMdI-KX6C7mtF6kNDh7pcGA,kontrol,4,positive,positive,0.4996611932446413,rendah
gp:AOqpTOGdqfXi_0gCYh1k77nU4i8f4DrWGcdzHs1ZTz134U6XKtPY6y2UqjOt8BFotPGLVxdBzMS0UZCcTieTRw,kontrol,4,positive,positive,0.7800253027369467,sedang
gp:AOqpTOG6xUaY90hZIvo47lMGTt8rWC1ogZuxqRb26fQdQttdcXgDd8FOSeJaLUYpZWzMND4VNtqkdx11f_mrxnc,kontrol,4,positive,positive,0.5430928235806783,rendah
gp:AOqpTOFKtt_KfwBpwPKwdJnnodOvtodb_0duw1r0bznRmpB80_VtnyvNuCnRNGeTCeadYuCx2UbNxeAY0eh8Bw,kontrol,5,positive,positive,0.9489054987563637,tinggi
gp:AOqpTOGiVKorJ6dMdghyh9QLcXtsMjWN2JTMv7kjrjccFhv8IE7aHcWbm2TrYM7TXGqtwsfXhNW8_X7yBzt94A,kontrol,5,positive,positive,0.9633036983482272,tinggi
gp:AOqpTOG-vwgGTMfnS91AjWgN2v30nD0rmNm80t-MJQ3AXIUYi1t4DGXcYG6YIvGntsSXRq4_12WwU00sni-E3w,kontrol,5,positive,positive,0.8113306599585921,tinggi
gp:AOqpTOGCscu0xOzYzC0JsH2ajGksAYApm2B-DxeuSF_JWDiGg-NSEXzE906udEE1aCJOAteZBSytMm8HKiI9xg,kontrol,5,positive,positive,0.7571259854271658,sedang
gp:AOqpTOEUulzOo-8_MsQdJbX31jfxDb8WKZbHNmBpuuMLaMU3sGtzw_WkQZuUl8umLEDM-Yck4WgUxpLLV1iIGA,kontrol,4,positive,positive,0.7346982623439613,sedang
gp:AOqpTOEgF4KkuKGx71Sh6FFrziAzE0hQ2qmRv2ZLwFZBk3V3J_YjnOLZWXl6SHa7UqGT3J33zavU0jk6vjrI9ZI,kontrol,5,positive,positive,0.7640397275399505,sedang
gp:AOqpTOGkSegA8OGTP2S3K3GarjXOy4MXH_3Wbb3wsR7j0wI7jRc1UQDv88lA6YM5tRcoiwQBltE2U74V2RcD6w,kontrol,5,positive,positive,0.981026526635599,tinggi
