review_id,content,label,catatan
gp:AOqpTOGCFbIohQfJamk2Ys0KldeZ38Vh7KnV835obR9YKG0tYoEP3CZER9u8tTiXuLnju17ZhBz8j4GtpCCcIA,"Agak sedih karena ada yang berbayar dan fiturnya sedikit, tapi enak sih buat ngatur waktu doang mah",,
gp:AOqpTOHB00Z4YoXCeN5i5TBJYQzwHWtwlpb7LMyR0eb4EF5Ft2DxflNokfJe5cBc1E0ikB14fPBfq_utT8H_Bw,Stupid decision to remove timer.,,
gp:AOqpTOGcXyGT1q-MTIuIi50h0-mXtZCPQGDu0r7Z-iCgc0xUremFZWg8LGldAOmPYYrJFv_lB_UGLYfVos4fLQ,"It is great, but it would be better if the sort by Time feature is really sort it by Time. Not only today, tomorrow, and upcoming. It is really inconvenient if in the Upcoming tasks, it is not sort by time.",,
gp:AOqpTOGoEaS78oj07juqcBuqlRs2tVc_3CpTWoxRYZOD2DnVMUzyzA6QBBwt6zfU3GmbYVZUbRwruxJSHTaR_Q,Era bom até atualizarem e você ser obrigado a pagar para desbloquear outras plantas :/,,
gp:AOqpTOE9heoRqnIMlsm-9A2z1dSzxHz-wTqRUuXcH4J6egg0Uo9_HSubPcdjfT8QmHPPNg99DhH83esQD_lF4g,Hi kindly show highest streak for a habbit. Which will act as high score to break the next time and we keep on improving our streaks!!! Sorry i took away a star.,,
gp:AOqpTOHfhfrphz33X8Hcr3M8an4PZCkb2myEekNr9GqAh66fQvL251DOphAwvXA5OH__kcZVSFwwl6fGY1wdHnE,"Fairly good looking app. If you cancel notification it doesn't remind you that the team hasn't completed. Would like a more, ""naggy"" for individual tasks.",,
lg:AOqpTOH0BrJDxx7G3HHu-2dSn6oUI-vQNcEB52Dv6uFHI_o1Z22s-NhwLhRjk5px7K5RCfN_nmLFaPcFQ4s4SQ,2012 REVIEW: Been looking for a simple to do app with drag and drop and this is the best.,,
gp:AOqpTOG8u0yx8IYhKp0PJbgfuSXFQLN3EjqWrRq-NmchxUtdiJE_-xNK1T268Wq7P8VmFRBSv8L7DYOg4q35cA,I'll give it a 5/5 once yall make it functional offline 😛 (like maybe allow us to edit/cross off tasks offline and let it automatically sync once connected to the internet),,
gp:AOqpTOESNgHKmAm8vbmG9jUCQJq-NngaQ_vR5RGo9sFqaSCOt6ZEFWOU2TM9u3lUhRoUe_u_KzqdRF6B9HpRJj4,not worth it if you can't go pro,,
gp:AOqpTOFCTB9bNMwdUFH8c48mMap-TVXNFBi5MIQ-NMBsBMSPR-qJusn-tOrUnuclbJTYRtfYm1I9oie_cz3jWpc,"I can't create new calender. "" Connection failed, please check internet connection""",,
gp:AOqpTOECfv7RGhVuDNIW6zenlQWXThdr-ZmlmrqUjUCbrQg2WifdTbX_OZOOJLSJpM2V11kFawqy7ueV9h0e-_E,This is the best app I am being used I will never change it I started to use 1 year ago and I did not complain of anything,,
gp:AOqpTOFDMukAXlLr1_faubNqYENH1pspuD8IrpLcfIiAOdmmbW3o93VG0BTD73lMmBhQEFClrpWS8vYDuT6SyCQ,Good app really helpful....but i think it should include permanent tracker in the dropdown menu,,
gp:AOqpTOGNDx0WtjUWGl3oQ326-2iCKnXieT6QB3rkXrrFz4AvBYDA074r9PTUQ3LNHGvLkQ3s3eZQEvBDKNspfTY,"Great for progress. Their motivation quotes stopped working. Plus it doesn't remember which habit you were last viewing... so a pain in the ass ""weekly"" intrusive display. I specifically looked for this app. Because it's simple and easy on the eyes.",,
gp:AOqpTOGnY9xO2WjE5BcCp864FjlSBDO4fm696Pm8P0yxdrDi64Z2YxdlSeN2o3a36RtezvGa4Vf9XxYqmSjcCA,"Most of my issues with this are due to Google Tasks not syncing with Google Calendar on Android, although I do believe they are testing roll-out of that by region. Makes my day feel like a Majora's Mask adventure, and really multiplies my concentration. An absolute must-have.",,
gp:AOqpTOFF-W5yIPcsX4bOODLm8yESKa_81esqgBNTwo4zNmMrQSf0LSozs4aPNvAk8JiMpYQkGCdn4A64dJ-V_xs,This added significantly to my recent productivity hights.,,
gp:AOqpTOGEy-rx4FV8zNXZbYXrEO0XwAAA8lj4pXxtOnFO_UUOE0CbVrcf26rMIRtfEAmY9Kq9_4zQJmOYJbiXtQ,This app is great but maybe let us tick task we completed from widget as it's annoying the app will opened up when I pressed the box to tick what I've completed everytime,,
gp:AOqpTOH_Hd6NAher_H4a8nlXq-MM35yF9Bzp94GChvM8S5Hrz0nkSTGXGn4Fbie4Nw_p0SE8XiGO5ib8LCi7uw,App size is too big,,
gp:AOqpTOEVg8ZQqFkzj3OspLvm6VCbBFOT83O6BicEx9z9j2PXeJDGVPzyzLcQKHjtyF2b8Ie2M3aRD6aDv9cwxFg,Great habit tracker,,
gp:AOqpTOGceLHNBqzmbvUcPWBiDY4KtCnsvrsRlFxERdh3SHH2CDLSMqJgy6Sdf5nJ3l3WitXNh5uJj_OGIwyrzaE,"The UX is classic Wonderlist, but the feature set is still not up to where Wunderlist left off. How can you acquire a product and the release only a subset of functionality two years later?",,
gp:AOqpTOE2y7oI7mzycIsaqSugPPqECkHzOlCFWbuiD1UAmLIluqOK5xSF2-G1aq8BacsFW9Z5nHodXVYiFkiKNDw,I absolutely love it love it love it this is a good Microsoft to-do list and you can take it anywhere on the phone now and Markoff anything I love it hope it doesn't change its taste just as good as it is now,,
gp:AOqpTOHLBKN4-3Hxd5FqODpvkeFEnEBX70a1YXPFWxOkhy-vwPirpLEtFrtsE1ktYuLE-Eq-GZqmbJjcLfWr0Q,The limited no of trees in the new update upsets me :(,,
gp:AOqpTOGtkTX0FKqHzBjAjZajzf7F3xcyb1tP_t8KTjM-9a48AIDzMArmdxB-vy0ZveuRxFrgxVQysZGNvsDIC8s,jus loved the app.,,
gp:AOqpTOGdqfXi_0gCYh1k77nU4i8f4DrWGcdzHs1ZTz134U6XKtPY6y2UqjOt8BFotPGLVxdBzMS0UZCcTieTRw,Simple and useful. Liked the widget too.,,
gp:AOqpTOHCwncK-rJLlPLt7kGaDLAr795kPmE71MUfKLqUrifH0hn4U4wpAxJdxjJZCeWxJ0LDy1H7ZLVOPsq6,"A lot of bugs, low range of choose and opportunities.",,
gp:AOqpTOHR5pHFeQg-GnxdjwAhrWVbuya4lkxXZQV7EhRIK-6zAPcuQOVC312uosjgx9x0Mf-MryTrfDgJuSh7HPE,C'est bon,,
gp:AOqpTOGCscu0xOzYzC0JsH2ajGksAYApm2B-DxeuSF_JWDiGg-NSEXzE906udEE1aCJOAteZBSytMm8HKiI9xg,Excellent program and several YouTube videos to better understand the use of the software.,,
gp:AOqpTOHI8lYLh56D-npBZDndR_h77oahMod3x8HZkej3AECxw1puBQecWoShnsmneWWxZfiUyOCtcuNawgOBWmA,I like its efficiency Leaves me with a sense of confidence that once entered will remind me when it should. Completely satisfied.,,
gp:AOqpTOHTUJebp5yqyeyZ0mu5DKRlYH-ZqXqBNifmBZP6D-gZ2hOxcZ4aHg36Q32b8xSbgTNpY3boBb0zpTo9Qlk,The app does not let me create a widget despite the fact that I have logged in ☹️,,
gp:AOqpTOFGcmh6Jl5duGQlXWMnqTtEwxP18HXcvYC0uMFjguILwvQL8zrAUPpxmXy1SriwjrmU7TY41jdw01-W,"It was really good for helping me to get motivated for a few days, but when I shut my phone off the notifications stop coming until I open the app again, and check off something.",,
gp:AOqpTOFBJWvdUOrSxqKVAMlxyz_lx0b-MBH2O2g4aDuzmz99LGqFNZLhrHLjcsC1GRbDCIN-s4-B3P326FtkYw,"It's generally good, but screen rotation doesn't work. so, I can't use this app upside down in Galaxy Tab10. If this problem isn't solved, I won't pay for the next year. It would be great if this problem is solved!",,
gp:AOqpTOG-vwgGTMfnS91AjWgN2v30nD0rmNm80t-MJQ3AXIUYi1t4DGXcYG6YIvGntsSXRq4_12WwU00sni-E3w,"A great, and unique way, of viewing your day.",,
gp:AOqpTOHA-wrrB_1X0YK5P7tpMGmQ1V3K6x5oHhLjcpiJ52y8zfeQauV0x7_3W6-BSH-UhmLk3L0I5HGXrHuHOKA,When will Gant view come?,,
gp:AOqpTOEckCsKSQR8Drn4QlapFwzSyGLqlsPLF_zBk3bUfmGKiK2WZFJI8c2ysDy0zfoL5a-PTuo8LBYELOYIbA,"useful app, interface are easy to use, would be better if you could add search function, so we dont have to comb thru everything to find what we are looking for.",,
gp:AOqpTOHzilc_3z6RQAFpxFVuq_FoxBYtjOHbklU1AhJ6O0ti6TBOdMzWK4LWD-z1lZn03m4wAHHGM9qEq321KjE,My go to calendar,,
gp:AOqpTOG5a2PDMBIeI5nxAMGiZG-SnT5JWdwQ91e2oRo7L9tAMtQvrVMPURG9dHgnA9lKRcYACVjKzA0BfSuC2g,"I'm giving this app 3 stars right off the bat because of ad walls, but heres why. I understand that app developers need to make money somehow, but there are multiple ways to do it and this is not the right choice for an app about PRODUCTIVITY. Productivity is about managing your TIME. When your developer makes you sit and watch an ad its a waste. It is immediately sending the message that they do not care about your time, and therefore they dont care about your productivity. Just your money.",,
gp:AOqpTOE0XwskVKHrQcP_Zv5jSQNoJchjzJfq1I7dyBAFDHksjqcDya4yptb_SNZ6w088IuvTsDOu4RPOajJIvg,"The grindy gamer in me refuses to not be rich in coins buy in order to get coins, I need to finish tasks. I dont even feel like studying is studying anymore. Studying has become grinding for a game, making me want to do it more.",,
gp:AOqpTOHgB1WQmT05lDO49vEK-n8j0RbL8IKExCiU994wndXTHE72fash1wiCsa8uCbvFADH8YWNcmfwqu0TjZA,Many stupid annoying bugs!,,
gp:AOqpTOGJJxla3mFfBF9_OE1U0S-U1FzpM3EmfuyOBxYjydR350Z5roJsQYZHqmwkQTPkCwXfP8tlRS5D60XEOPg,I really like this calendar. It syncs well with my Google accounts - better than other 3rd party calendar apps I've tried. (I've only used the free version),,
gp:AOqpTOHSN6c_hth4Ys57DCJ4agISkTEuV7MR7ROyXkA9mjvWHAQ4NfsVtp1hNU3xOyjS17FkAZFJ3P-NZilMDA,"How can one trust an app that is supposed 2 help organize, when u misspell ""Organize.""",,
gp:AOqpTOEkLRZpKU4AYfmAO1LHG1e6Xfrul5qlcYIDn-vCbEJv0i0rSfQUKB7ixtbUy3e-j8Yi9bDuYx3Ot8LPcUc,App keeps asking for access to other apps we high i do not want to permit.,,
gp:AOqpTOHnT18qtCCJObkf5rBCSuQ08bIR5J6tCcBzzHczTxzkln9neY3F35ZLe1H86PZcVc311FHJo1wdIilDnSw,The best ever.. Only bug when ur restart ur mobile,,
gp:AOqpTOF9t3CJoWZHTC2MjtF8cwh_e6wSqdXWTUbWTmhgr-Sw_BnbG392YBNWa9J9TeLnmGe_Vd__21juwbyY6A,This app hasn't aged with online classes and online studying and all,,
gp:AOqpTOHvh2BOjau78dAFCNiBpsXD9_bbFzMs4xaSmv5Wl_al0qxcberZVF1llOehavP4IAGzIsqX0Ts2MLQDgQ,Just started using. Can't figure out yet how to delete completed tasks instead of moving or crossing them off.,,
gp:AOqpTOGe49Blv_HXIX-ni0Otekgop3kc1CRyK7KXR9Rgr31khOD1QolGSU4lbqonLipcRtyLHCmGL0Bast9MxA,"It's revolutionised the way I work as a medical student. Makes going from one task to another effortless, allows me to stick to breaks, etc",,
gp:AOqpTOH-Jgnx77UjZDvjVQzr6wNGvaOeJP9qJFb_HIlEaXCklUdxk6pj2pAH5WsxemYy7Klp2hOr1yJ_uN1xDw,"couldn't create my avatar at first, but after that it worked fine.",,
gp:AOqpTOGUYP8yrjvZpod7qdPYxEm6smiyVzAjFx2h_B-PxhS6WuFEsELodwmFXrZVwgGDjbrEeyP2PTMpNcHniy0,A must have,,
gp:AOqpTOFIbFE_HmZuO7h6E44UdWJ7vsE6pfLKDBzy_tn4p3AvQ6ITVLMlU2AySskR4Ch9R8SAWiQeljDW3Aa7zCw,Good but ads for over a minute,,
gp:AOqpTOGUpJHbFmtgiYdTO5drzhQgOQJ2ECv_tlIk5PHpw1JTTK4iis1CA0xNDUnva3bFoWHRWGh7OafMGQw5rWk,only 7 free habits,,
gp:AOqpTOFBU4JsfmZS-dubkEADouGz49YmRMyqGxQi95VVDYVJqZy8qiIKFU3bwlfWZXVanMyS2O_1BN9BcDdmjA,Spr remainder,,
gp:AOqpTOH0dU0F_HZgOMiXk1UUduz1TfcOFdKQZN2M_vP-aDVmrIjpw6A1I7XG-4CiX0bL93e-6GQF-S5CbE9fzg,pangit,,
gp:AOqpTOEvBH4o3SClippcV4j3DikwMD5STmi-a-PvQrVgRVyc__7mnRD4tADjbTW846i3t-VCAH7VetD6IPHBGJU,It will be perfect if could add a button to go back to today on widget,,
gp:AOqpTOGibMHUy35b84JKH2A0J-gO0bsN36r5j0gpu49ovZ5y7qxzy3jcmO4JCm8X7lfV-0dryHVY5aswqO3LZSQ,"It's a good app ,it has everything which a study app require or more...but only it doesn't have ranking system....",,
gp:AOqpTOH3jmHmsxA_lqsQb8C67IIxUaRxgJASudVaDQQgTSVFgZicU7tI9RpHRvVRbT3thKYwvBxdDaSqeeQygz8,Easy to use and exactly what I was looking for in a goal tracker.,,
gp:AOqpTOG7SX2xFMaboy8Vq2beyTgnPU8tY54t1702VDnkZpL7l-3_Nn-hHhoP2EFIOHcP5MxIiSxgz1NQztaBlt4,"Error: Can't add a step after other with an enter, you ought to go to bottom. // Lacks: Can't search your tasks or, steps, with an option ""search"" into lists or steps sections.",,
gp:AOqpTOFtXq5BnqrtkB0U1Gj9zE1CPEJGwftTcUN3i9_ux7I-xuDCr3YrJi_Fko6iFGglRYmco9ne--TNUzegoYc,"I'm not sure if this is something you can fix but since my Samsung phone got the Android 10 update, the widgets are very small. So many great features! Very flexible with lists, auto lists and tags. Different ways to view and sort your tasks, a great calendar view that also allows you to just see your events in the background. Really like the pomo timer with white noise as well. Great to have also have habit tracking in the same app. Just switched from monthly to yearly premium subscription.",,
gp:AOqpTOFNn0stvSQz_8qFt11Owfr_NNBUEdBH5LmF1gZbsN2gGefm9BLb-nWkn4AmjCUvk6C8b48L7PqEW0xlXw,"Seems good for people who use a calendar already, but I hate Google calenders and Outlook alike. I couldn't figure out how to create my schedule without using one of those terrible calendars so I uninstalled.",,
gp:AOqpTOHD34Vc52uLF70F6EZtiLfS1uuV28exNgOAdTv02uLFpb2lF3N7j0BF8jdhEH2TtBso4bsJY_OiZ9pLvA,Would be great but this app has 31 days in February this year. It throws off everything for the rest of the year.,,
gp:AOqpTOEgF1jaV3jI2d5u3M22rYrXii_ZL6QP2EgvFOns_1g86j4S2hQNBLN1iARTd0ERTC8s0nhTYRdmvZhAgw,App is good & I am using it since 6 months now BUT NOW A DAYS AUTOMATICALLY SHUTDOWN WHOLE WORKING,,
gp:AOqpTOFQ-z2mdk35qys0yxtP4g5KIkAnrGgvZoS5PuFPLGjBc92iqoQPFzsmIut7RNYLwBxiRXeJI26VpnFWxw,5 stars if it were completely free :),,
gp:AOqpTOEcbbPQpeKceiF0FzESwOLVr1PU4pzzUERd_bzWc3W_jC7JpLyGkJEL52J1NxNZr3NX31VLsaOz7I3uPg,the big problem is that task management should work offline and habitica should have synchronization feature like anki mobile and anki pc.,,
gp:AOqpTOEdCnlRouThh5bnG927QAgHjWck252aqyJw4DCI7-t1OJq_LrgdynMpJjSnDHpSvGdjlX-gx5vFWEUVfQ,Simple and nice interface. Didn't expect much didn't get dissappointed.. Try it yourself,,
gp:AOqpTOFQJvwsti0blVW9NHYlnirSDaG20Rrosjx4eZj-Qs9YaHDEhn6ylA1V12YgO2y1yv8XeuRrmgm9QR9_8A,Good. Would like for completed tasks to automatically move to the bottom,,
gp:AOqpTOHMVnaeV-7mJqHgryHuIIGNc9o8dI73-IBuAAZjoU0Ai56okPE-KyjbTHOChNV1vODi78u1DWCpex7Hj_U,Went for the premium subscription without a doubt. Definitely benefitial to those to use it honestly. Edit: Everything's good but after changing phones I've suffered having to manually copy the same habit list because the sync function just doesn't work.,,
gp:AOqpTOF79eTDA9lKwfBrOt52M4LwHt3zjcl2oKISwXZLiC9qAyIKgAD3eK1Km52tuUrYgCPocHeAHc0mme76vw,Can I import my task list from Google keep app,,
gp:AOqpTOFJ_ovP_SNyc9my0wcAwBNv5r1CLMJudI1eqIl_qvVV9gKGonLcN3Aig0I-PYVCk78vCAuwvucbsZHturg,"I bought the pro version years ago now. Have consistently used it across various Galaxy S series devices. If ppl having issues u need to dwnld Google calendar, set calendars & accts etc through it, sync then set calendars in settings & sync BC2. Turn off google cal notifications so u don't get 2 & allow bckgrnd/don't optimize in BC2. These are all android 9+ OS if you use any battery saving setting on your device. Really, this is the most stable & consistent app ever. Backup settings to Drive.",,
gp:AOqpTOGEF7u8UZg0rWxLSsNIRHiASLqRBxgSSOTAsiCcDKQTU6ASvgNLoWgOhB2_xIQ6TNqYnLfkPW5fs__G,"When will this app be added to the Microsoft Store for PC??? Edited: I've noticed that when I perform a execution, it doesn't always leaves from the list of today's executions. Can I fix that by settings or is it a bug?",,
gp:AOqpTOFDobW5yupOOaT6xW0zZH5PT5aj4QMxdLMh5D_EPLCYehWsSzg1Svhzq68Neo1rEZHx9j_E8DX-tyccCw,"The app is really good , it just needs a tick box system to mark what you have done and not done , and a tracker of how many days u ticked off these routines to assess progress",,
gp:AOqpTOFM91zK5K8Je16vmJrepg34jC3nEkyCLoUL2UdXmsTnzZvTvy411lFUufQyvtweE4UzEHo44RgRIDKm1Q,I have to constantly resort the items when I add a new item in a list. It doesn't automatically sort by date. The new item gets put to the bottom.,,
gp:AOqpTOGiVKorJ6dMdghyh9QLcXtsMjWN2JTMv7kjrjccFhv8IE7aHcWbm2TrYM7TXGqtwsfXhNW8_X7yBzt94A,I am new to it but so far an excellent app,,
gp:AOqpTOHkl2a_Rg57EwT4EhLo2TEFx69rNmuDBkgoRL-FzJaZm3LnFSzxBABkTTVY4vt9i97YpxS6I0hhNToBLw,If only the calender icons cld stop piling up on the phobe task bar everytime one is due. So if I created 5 events to go off in an hr I'll have 5 icons piled up on my fone. It's not needed. Or at least put an option so people cld disable it if they don't want it.,,
gp:AOqpTOEYLEYOQdVtJ90_2EhmqL9wBcTw7XxTUuHOLH8yPh6cGBdAG5CUKTU-qWoLWh6rud08Y-CH1wpOOUsRzw,Very interesting to keep people focus and see the amount of progress they are making in there life,,
gp:AOqpTOESkrOi-ffVRDiwtuyvHfwWXnbRFx5NDOltXwH0qa3s2pwd_U37dPMoYpiwOjPwjTI4dytGG3t2VfK4Ag,Free version lacks any motivation to actually get off your phone since the tree grows no matter what app you're on,,
gp:AOqpTOEhb6B0U_EYrL31wkXbYes6v4SKz7POfnKPQjamUYQ-QWquKv7kwffC2YFfofQ6qcWowlgLjaKYUeYn0g,"This app my 📱 phone number and used google account number and my all oldest play games with real money and Olympic tired my add all miss and hack accounts add loss money and my all 3 years use number usbGoogle Play Store activities add a""hithis list, not sear in this app use other people birdseed.",,
gp:AOqpTOH9Agcp1pmmmOHCWH8XsJZKwXpz6fKawj6OX6ogoShsW028k-rDGaiWeQEuArP4OUfzegmv4ilC5Azx1w,Overall impressive app but it does not updated in real time. Always showing delayed time until manual update.,,
gp:AOqpTOEaobGgAcL9l0iE6764LCyBTfW3cHGboa_DmXDUZ2NOezRtgU66mdF0tBETiRCxQGMH_pJdocSeyUEZDA,I am a list maker and I love that I can prioritize my tasks by importance.,,
gp:AOqpTOHv5L10toB0OJaBnFeabkiqajHNYj8JF4ho4qYphlFRq3PbWlyH9yR2dLKSMERP-1mG0SjBfH5CeSzDuA,The alarm of reminders did not ring if the application is not opened. Then I removed the app from battery optimization list. Now it works.,,
gp:AOqpTOEym8hqRvctdn7qL3qN9EsTmKrUsYioHnkiil33FLXbUDS1hTvfuPjKVDyHWzGbdgQSxzT9IxU7JC5l_A,The daily reminder does not work i mean it works on the first day but than on the next day it does not make sounds or pop up when its to do the task,,
gp:AOqpTOEfVq733U85Fs8gIcQL74IgP0eds4CJQz4waHgXu_BFqKa9FRS_NtoXgTCrjEcClh1Bm7srdenptiyVnA,Absolutely love this app. So much productivity.,,
gp:AOqpTOHxxJ-pehfF5TxaOXubvHi1edi-Rx0iE-QyZDZF0GkcPm4MT8N-5HVd5yTWepP-cPvivH9K_6rpj9HBMA,need to learn more,,
gp:AOqpTOFQQ3qXhkZqV20_Ey0J4pMPgRHPU1iclEvWsOgr1fcr-RxelT4us_dUptbbpxGxsIsLE-3AjT_YfBc49ag,"Good simple add to track your task, I haven't explored the full features...",,
gp:AOqpTOGc72RILH4_YPpAxF3wjPEk3TT54yiNPGQ9sXSb7ZbrMI9uIQdKou5eA91emzgSdSGQ1SvdzHKrqNG3FHM,"It's incredible not only because I can plan my work, but also because of the pomodoro feature. Habits too.",,
gp:AOqpTOEApDa53Y6RMg8_re6D-2M3Z-f4kqef1rsRSKsedVZeNc1NnwJzibGPxbBz2iq29XeqdogsQgKr_TRe3w,"Relocate the *Delete Task* & *Mark as Done* tabs. I have a Galaxy Note 10+, and, quite likely w/ other phones, when i motion to press my *navigation button* on the bottom right or the *open application button*, on the bottom left, i am frequently accidentally tapping the *mark as done* or *delete task* tabs and have to to manage or recreate my my task details that I was already working with. Aside from being increasingly frustrating, aggravating, and annoying, this becomes a time waster.",,
gp:AOqpTOFVYjZjEJ964KcdYVX_DL4utg3BJ2cP7iiiLkjlv5YDBx8cLpuxnHL_KqqHddvmMAx1DeeUIxSxCVr2gA,"I love this app and would have happily given it five stars or more, but all the trees ive unlocked were relocked and im very unhappy. Ive always had the pro version, i should have my trees.",,
gp:AOqpTOFnE6i7iS6yDW75aOFHqwB8I5y1Kzofw-rCWm7hNg13gCvghw_Xo6nC-EFbID0gYYk9xtL14rbvvL6ucQ,Great app but tried backing up and restoring for a new phone and got a version mismatch error with no option to convert it. No mention of this beforr backing up. Disappointing.,,
gp:AOqpTOHyLm6r-4PE4YOuYB3OHHd5iG5-BG1ZZGv8V6mdeCtcUBPk_hOFer4skUQwzOqcm_6wMXiStolIWsxaxGE,"I subscribed to premium version and it was just working perfect I rate it 5 star but after latest update icon widget is not working. One more issue is there, in agenda view hide declined view option not actually working and declined events are keep showing for the whole day",,
gp:AOqpTOHYP-yf5iw8N-FybFjTxGH0L2Wp4JdboW-3egx6uhJT0gW5yH3Rx8N8WRJE8qMZp1ttn1mjNsmHeon1940,the pomo in the ticktick website doesn't register the pomos: I can't seem to see any pomos from when I'm using the website in the pomo stats section in the app.,,
gp:AOqpTOFFkHgEO7rSYIqEzbWYlDw-qvB4rWZMzDXxLeVgJvj0eRGJPzsM8AwN_BQyr9Y5ic-dMXgV-vDyfJJR4A,Too complex as a game! The time I spent tried to understanding how it work could have been spent actually working!,,
gp:AOqpTOGxkiswlBhrrnVfobWJerAYVo9-v13CTcBEEcxvym70zoZWE2o9or5wmZixKWhCeNo7mlZciLGm2Cl3aA,"Really good app, made my day more organised.. Thanks to the developer...",,
gp:AOqpTOHs7WeV01fdNwMfaSJ9dHVVo3zagEIaP-gY74QWXMXLVnQuGNb1siPc7ayQ9jcLoOnCq6tgdDPjLnDYrg,"It suddenly quit syncing. I've tried logging off and back on again with no luck. When I try to do it manually it just already says that it was synced ""just now""...even though none of the things I have added show up. Never had this problem before. If I can't get it resolved I will remove app and find something different. Very frustrating. Update: I did a FORCE STOP on the app, and it seems to be back to normal. It works for what I need (shopping list) but isn't the easiest for rearranging the list, and the advertisement at the bottom of the list is very annoying and makes rearranging the list even more difficult.",,
gp:AOqpTOHXbMgbLuYpctG74k0PjZuOpIBtlPlesUVFgBZmfTq2FYqeGW1LY59S3eQzuk_UVY3CK8RcNop7Rup0l5g,Good simple app. Does what it says and doesn't ask anything in return,,
gp:AOqpTOFkqxclfeLkUDEAoIMgIidesmmJeiIKOS1CKct2URW86XSjO9tbLwhODH6AUwPKRvR2oaZUibpwrSNWwSM,Finding hard to naviagate,,
gp:AOqpTOGepmU7i8i6jE70IKk-6Ue9DKR6qppS8BKu2WIPYNRv3JIwlBVKRRT6hjEI9YinFA4Pu_UAuFNiDPhxmg,I like this app. It helps me to accomplish my tasks very comfortably. A must have apps for productivity. Thank you,,
gp:AOqpTOH-69XwC_vAugMKLpEvXVWpq3BYvzw9PIYO0EJKLUtREWUAw3B6CeQXTGcE92aEU8woyp-IZ_oRtjYhFw,"This is such a great app. Unfortunately, i am planning to move to iPhone and this is not available on the App Store. Really breaks my heart.",,
gp:AOqpTOGMiipH7rkdDSGhy0nVf2X0J_ksYdNKs3-2YWoxLBy28fG3QapoKrQ26GS8HfVz2vNLUckJ6QOMSuR66g,Very productive,,
gp:AOqpTOGV1k4oI84ZnUFDVAdkhFT8p864DY2iuqzALhEOjJZ6FKl6kEUSW0W1Um_fdrbzEg8koY1oQU8tdKVjgg,it keeps crushing down,,
gp:AOqpTOHU-51sfrCQEe9jIwhn8TV-PrVKQEkkc7f2oVJpB4gO9RaSWCEelHX93ZFMxGGkGUFbqvfnJR7TyVwN7qY,"Really good app, it actually helps me stay focused and on track with all the positive habits i have created for myself.",,
gp:AOqpTOG4SANMEZEzNrR5HsrSbDgEXqqAvvwzkmWp5_bEZhwysQhNUU0iGduJQtSGcbLF2y9yK_L-1SggjFN4lw,"Very useful, lives up to its promises so I am impressed and that hardly happens!!!",,
gp:AOqpTOHcbTGOFXUcAbOIGV1oRw68zH0P4TB8QV3DtjzC4f9WtiYY57REWCnUVPcSTT9lECX6XP3jS6rh26SbPQ,"UPDATED: After getting feedback from the developer I now see that you can set up repeat tasks, you just have to set a due date before the option appears. I use this app almost daily and I love the ability to have sub task lists. Now that I know how to set repeat tasks I anticipate using it even more. Thank you Stephen for reaching out to me and helping me with your app. Got your fifth star up there now. 😄",,
gp:AOqpTOFaLCjPArp17MPNNqHOw-kItAJJNlLijx11lmMTbai69ytpfi6qj_mKdcmq8n4Ow6tn749mIdJtkij0Ay4,Please fix the Android bug whereby every new item added gets a Note added too - very annoying!!!,,
gp:AOqpTOEdg_PUTqfRhOFIncryi1DWoaGizB1ZuqsCVz3akoTAtaHRmheCYx_t28FMx9YfCOCsRb1aOi9freTlYbI,Hi. When will it be integrated with the dark mode setting on your phone...?,,
gp:AOqpTOF4oper0QYv2GhB6mP_NQ2um_HG4bVLYGOzsczbqyzyyoP8yQyFuYgG7Is5-GJZVFenwOOytihpR_fUXA,"Not able to sync with Outlook. Cannot create goals with a goal tracker, or 
export calendar events, tasks, or notes, and only accessible through phone 
and tablet. Much improvements needed for such a high subscription rate.",,
gp:AOqpTOF3pXUc9EkcbS4pJdTtdoPmLw7Ym27kZzXUMUX5D7i6JPpnlYyqAeNlmypbWut15kYX6G5TZ4TsFRcAsA,Liked it... But would have been better if it had more of a game like feel. I mean... If we did not use for like 40 min. May be there could be a bird. If we did not use it for another 40 min. May be she could lay an egg.. In another 40 min.. That egg may hatch... Like that.. It's just an example.,,
gp:AOqpTOEyFqOKdmr-FD29hPO_k6nnN6Jb1App4mZooDzqX2_-Xfp_SYlZHEJLmQZl6SkwZS61AjXtycVz3jhqS28,"Lowered to 4 stars because still can not use CalDAV to sync tasks, so they are only on the phone. Don't break the phone. Or you can use Google tasks if that's enough for you. Otherwise it's very good. I'm moving away from Google and this does do calendars via CalDAV. Use DAVx5 to sync.",,
gp:AOqpTOEn-85EKV3h31AU3PQJKYk_cOYEdV86RE5S8VknuNG3Ii1sqvkHfXztdTcHtugEZT2Cp_Fr27f1qxbI_cE,Not overly complicated and fussy! Great app,,
gp:AOqpTOGOvr3QLakEn_LCZ-OCWpPZ0OaHc4JEhpvYRnPkOQpcvCeU7u9Fcjp8pvtjQOvpj_M21ymqd8ozF45bgC0,Efficient!,,
gp:AOqpTOG9Jg3aOHErQtE9dfVTQwkk6Cr4__NR1J5BLnMcIBiDAnUK86OJ2riIQI2FjwuVU0ecqqJgmsmbbNj7GxA,I liked it but once I got it I saw a had no need for it and I felt like I don't need it as much as others.,,
gp:AOqpTOFpPrRQP4q6Xg5R2upY2b-h4G3ju6Jyn-dem1A3LXEPpEk9vjgJrNNFqQuovlenqtd83AAPRDp9QtcL-pQ,Pomos don't vibrate my phone,,
gp:AOqpTOFr-y8cRqZswR2rUzlvfSbh7D9MWhAdNAkInonMI02PGubKkERBSyBqawZP6XTGMhNPGyDid7Obgf8bQQ,"This app changed my life. Im more willing to do the hard parts of my day because I don't want to take more damage. Seriously, this app is a God send and I even subscribed!!",,
gp:AOqpTOHo2AyQxq8OY5yXunpXl6KgMKWdjE7AuPN4S5cfAWzmd2W1CG_c5ZXsgHdotqSHu3efm1DYrPbLMdsXGA,Very nice app to concentrate on our tasks,,
gp:AOqpTOG3UVy8g3SJDLtZz-SckpBfU7-rIS3oKLnOClz2oDOECYVGH1VljWeNOT1hgfbHtMAgK3JUIDMBMxf9xQ,Good app...helps you keep track of your schedule well!,,
gp:AOqpTOE58gXhif_eMjeTMBf2d-2stm1XWjqSGJYoYqh1yGIDrLu3DRgWheStK1P4HYWIJRThyC-QssHj_QENEg,"This has everything I'm looking for from a UI perspective except one key thing: the ability to invite someone else to add/complete list items with you. It's the function Wunderlist fulfilled for us and I've been looking for a replacement ever since they were bought by MS. Add it, and it will be the dream list app I want!",,
gp:AOqpTOFJ34eRysrpGtQcId84isy9irByDUqG-cB4IZxjR77j6I3l3Y5RlQrRsh1-IR3QAN68aExRUYKBlWP9Uw,Perfect,,
gp:AOqpTOHGWLcDN3kDRYDJBDFKItFhnCJKmtVUq3fohmdrfYbB_Goew_XydLpJlSOCoAiwDW1itSB0lamyQDgM0A,"Why did you show the checkboxes in widget when you can't even check/uncheck it via the widget? Its just so frustrating to go to the app just to check a list. Other than that, this app is good.",,
gp:AOqpTOHcdRepcITnTk9lvjTWRtqar1e2kMN-MMhdH6e9Fz7-C7K-iiL78QzZ2MHzHJ5sil7z3mQthDmKGj__B34,"Solid app, makes tracking habits easy.",,
gp:AOqpTOGYYE-iu67tb-ktXqyylmqBhNH2iRsV3xGFWFyT5FgY1X7q0PXsziSzHk_pwb9oBqbO0e_hAI1I_P7Z3A,I believe I am rating about getting back on engine browser and phone after batteries or devices cannot interface,,
gp:AOqpTOG0Z3Od-ZfCqJQEXGlV0TANj-KqKmyPigAWGh6xJSSgwq0CNuguWu5-6b69Y1lTSCEiB3dV5sHY7DmwWw,"I dislike that I must pay to use comments, and I dislike that there is no way to add a description to the task. I understand that in regards to the former that you need to make money, but the latter issue makes it clunky if one has a long and complicated task with resources one must past links to in. But I do appreciate the app and am impressed with how consistently you stay on top of squashing bugs. Keep it up! Can't wait to see kanban implemented!",,
gp:AOqpTOGn_e-uvArI74VZ1t1ccQmzRU6c4SbNed36ysTEDZdZwfz8f_md702VxurZXRKZKSrRmqF4ibMnLkCwEg,The date search doesn't work in Chinese. It understand Chinese date in a wrong way.,,
gp:AOqpTOHpZ5cZQ1tWHyMeJ3EZdJFD70UvGT4euDdgLKf_Voy8h1PmnoGzvy2bXSZccrBjU5TyLt9Jcz3NHYNJdw,So so. I expected the ability to attach files to notes and a lot more flexibility with format.,,
gp:AOqpTOEHvSVTkEbV8jUpYKCGQMypHXFcndKV9D1deuwFUhKetCC4_39XZKYhJQCumClbfa2uLWs4-HyoIoXePl0,"App is great. Helps me keep track of my daily habits. I like how the interface is simple and easy to use. However, I've been experiencing issues tracking my habits using the widget.",,
gp:AOqpTOH55vNxHPwj4WoOYxsWNIC2vZ6oz3aDTrVdQEm7FtusbhnjI70pTarnqC3e4ijJVIx9H8QHvnUWCcQ66w,"Too hard to get started, I didn't use it",,
gp:AOqpTOE-4q2-y9q2KVks5tLwWHTiQ2pEYAqgz2KnB_Bge55Y-uPRkjlY_JP_5-Q1B7rDo0hRNpw2mK_iMuo7czA,"Pesters me to rate it, immediately one star.",,
gp:AOqpTOE8FxGifp4eaveHB9mjNmE0YmHbKFI-bbl5baqAwBcHxIO85HWgYpcao-1qc3fV-jMGFoTOoQT533fRvJI,"I've had an issue with a Habit since May. I tried contacting support by email, opening a ticket via the application but no one was helpful. It's a shame that such a good application has one of the worst customer support team. Update: the issue was finally resolved",,
gp:AOqpTOHOyjzCuYn3skW1TaKgz14_1OZT9X6HlQj2vyD_aWpIgsqqH72tQdLyMpbDtY3aojKm8exN7wIVrml-1zU,Achchha app hai magar kabhi kabhi dikkat aati hai.. usse fix karna jaruri hai,,
gp:AOqpTOFXeO8XFcXg7DJXRKnmDiIPMJpA1KpjG_wZ-85fcMZ60JcDUMDiPHv82L7UVYjtmqHDbAIkVWQDvulyJw,"This app is very good. You can make a list of any activity which you do and keep yourself updated. Only concern i can see.. whenever we entered any task, open date should come.. and when we finish task finish date should come. Also if we want to delete any Task list, than app doesn't allow us for do that.",,
gp:AOqpTOGr-bVnG5NgbQgcDIy3EyAp4dN62Ip7WIEGqQE0iD_zL5JFPPrTXrOJnpsgeYpdHY9CwYGfMefl2Dfp,I like this app. I only used it for 5 mins and there are no adverts that ruin your experience. I hope that the developers will continue working on it so that the app will be improved. I would consider paying for the premium features too if the app is good enough.,,
gp:AOqpTOFbdFTQPmiBD5kmC1iilmiK5DYZaDMfPEfZIDCdypYZVFlRDFWxeaBWE8Ek9wEam85ZE9mibBgM-kiJGg,A hidden wonderful music comment and feedback is correct please do it like previous it was,,
gp:AOqpTOGPu4-IKh5MsSBnV-mF3jfy6UxbTa6n4Izxb0wHv5xIx31tMsKbPczD64jKnVoDHJ_ffQbIS7cIOL6O1Q,It was a gud experience and I found it useful to plan my exam schedule priorities.,,
gp:AOqpTOHf3Cyu8biC--Q-jzWqRMYDo18ucWUv6JgtG8XROR61M9QZ1mjmrUbBEu4IhT4JlDzN4d5BtI97ccO63w,I just downloaded this.  The free version was definitely useful but I went ahead and got the paid version because I wanted to use the repetitive tasks and weekly planner as well.  I definitely think this will be worth the purchase.,,
gp:AOqpTOHlHlHzu6KzLHhdDfDIrQKVO79Erok_z2yIQKS4Rfe1VIuGdYxg69u0tB-8TZ8gzZvxwLO7yJYxAGt8fuQ,"Perfect app, except for 12-hour sync with Google calendar",,
gp:AOqpTOErLg1aCnDShoTDzMA66c4__raMz8LrapXThJpBYDVy3eMgOCvkKbW-W6UdeuSzo42tYH4l_mBQRWWZ9Q,Can we have some more tags? I have a lot of subjects and I need to track how much time I spend for each. It would be nice if we had the option to customise our color tags. Thank you.,,
gp:AOqpTOHod50CYL_6J2eYJHattAEPsibF1PQsRKKoHLHSBosBMBvgVSMNKrLNv8872khFdNuSOwtYUUzkyt2XBg,Finally a planner that allows me to put work in as a nightshift. Just wish we could personalise weeks more. So only a certain task Monday to Friday type of thing.,,
gp:AOqpTOGOKuL29WhtzDBer3XylfDWyfcwzKnlWJZdw_H46L7ZFnPTzYTJaKvmYLg85aRRpMfWSJuk9bg9lU_Png,This app for students are xawesome but the thing I don't like is that there is no tracker. I can't see the what I did in the last week. Other wise the various options for alarm and the stickers are perfect.........,,
gp:AOqpTOH6GB29gcdPqQSpWkAhZFRdCxUtKwuXObmCtb23qWg5jp8bOJR4-HbFAnSTBQp9w32FcxClDiNg6jdn,It crossed my mind to buy the full version but then i saw they want a monthly payment. Why not just make it $5 lifetime? Seems like a good app not sure who copied who with liferpg seems too similar.,,
gp:AOqpTOGDnQCQReS-rR4iSxrKOgvguTh6QzezBr5cuVezFRETH73gQTLZP6RkEdKIFtCtgRfg6XPKBokeFWmVuA,Nice app for remainders,,
gp:AOqpTOGI33bPd7apTZUFMfflkTBFUTWi7cKn7uK-GCOeGw-Y66NlrIrY2YY0Op1MOuXj8cphVgZ-lokRjhObFg,I liked it but is there a widget for the app?,,
gp:AOqpTOEdAB14c5xsmHhO3G1XVDHXAOgyanr0n57Kuszp_85jDEaqb6R0nn-1k2utx490alaHVVFNT_miCt6R9Q,Sooo baad game,,
gp:AOqpTOFhdY-wCaNdUAiQtXZlf073NgW-pKZfHkN7qBFMyNcu4eTmuIANnOJ7-Xd3om_gYGFQ5kgTTebRMkshPD4,Falta muita coisa.,,
gp:AOqpTOEI-01SqRNJn8Q57SCH5Llq2agylC2e7a0V4Uesgh7_WYYwvjxXLuOp1AxQHzHtPoFAEHF5N0eikokbtA,"While it sure has its benefits, there's still a lot to be desired.",,
gp:AOqpTOEp_FtxeJCHClwmqGyKyHpRXAEupaI4aG0to9D-rUnqE0F6qNn-vv-8conXqIPu4o3kaEFf_xTiqs8LU3c,Unnecessary limiting of number of habits to be tracked. Use Habit loop app instead,,
gp:AOqpTOHqd8ErbBaUAH-ad_IxYjIG7EgNrcO06hbK0D1r86lkNSjDF7yW_YEskZXg-MM4qUJy2daRPBaK7ZVSlKE,"Just use it for lists, works well",,
gp:AOqpTOEkG0sy02A3r_lQm3e5zyE9gtXd-fD4JeeSnA6si6C-lblKOnetWaS6Q3T7Dz75LREat9d35O6-tG7KyA,I have updated routines and enabled it in programmer. I dont see any in my schedules. Schedules is totally blank. Later it got updated so changing review to little better because. But from the previous design to now i feel like i have to enter so much. Something is wrong with the app.,,
gp:AOqpTOGmMDi_aJL1OqszZvlyg6LtHhCii1tc1flUYoXxPsSQ3ftqewEd1TaxUBe0gPppQ7IfYzdtgP4Zm5VI,I have only had it for a few days and don't fully understand every feature.. but it is the only to do list app that has so far worked for me. Probably because of it being based on a reward system even if the rewards are only virtual.,,
gp:AOqpTOFHdCgl-zadpvJYkT_he0DOxIsVpoa2G2wdixUDHv9pctmD5-OmkpSEyIwnC5qERxED7Zc-h_VCGVTBSA,critical,,
gp:AOqpTOFcPrHno8CWbcVz6XlzN7ab5I6wWqDoo773zXkkCiFHfFGmZ04-Z4J85_LOXZP9tyVaHpjFJT_ucoNu9Q,The most trash app i have ever seen.,,
gp:AOqpTOE2rdWTjavefjocmZOXSQnxeUVFO-RSJN4-JFdvBLBKCEgYRVJdZQSTTdUy6eIdZnzOrOKGxKiOIwJAnw,would like to change my my class and chat is IMPOSSIBLE to navigate. a simple notification system would make it easy.,,
gp:AOqpTOGbuvdAjlXkO940UKN7dhO0jdYwCFBi-ooI3WUkfI_mO6JB4TP68ZV7V0IrOdaOY-hH31GhrCCIm0VoRw,Delet,,
gp:AOqpTOEXijE-BwmxwWtvLU0UKKXBNCbpIpAnj3DscROgx6s0RQ31PxKxHCmWBnPLoUfPO3yJWbUXylawJO7q2h8,"The ability to put the widget on your home screen is a game changer. Before, I couldn't hold my streaks past a couple of weeks. I'm now at 2 months with a 90% success rate. Crazy what a constant reminder can do for you.",,
gp:AOqpTOG4iP1ZEi983kHyo-_ZUOEqWJrGO7rnrQZUxdMa2aE16Sj0NfTd5TTM7a3jxcRhEM3Vo__wCJvTJ64S9Q,This app was great a year or two ago. They spam you now with premium service purchase requests (which are costly) and have restricted all the good options to their premium service.,,
gp:AOqpTOECYbsWSJxntcYoLesp2Evm8y9kLo41kl2lK0eaKcJJkLvjrIrH6kH28wIVh-XcwZVF6gKxVVv_jAzDJQ,"... hampered by the fact that too much of the functional tweaks are paid ones, COMPARED to dozens other to-do app I've tried and used. =( Seriously, the UI/UX is informative, the paid one is very multifunctional yet still as simple as possible, and the categorization/tagging feature is a hoot. I WOULD SOOO USE IT if not for that fact.",,
gp:AOqpTOGHUlDXgToxcuGIBzQJdA4yYmOOd3DMu7oOadZlMBQrHzT6xCDk_9FcG50CBY192wQrrsoZ8Dc_XXhTe8w,Best of the best,,
gp:AOqpTOH1BYSocfFdgHMFydTM4vzh44h_dBtuJlOYKj_E1QZvTF3eOJ2DVO1xrP7bwo0KPRHmrmCPt7107t8ylq4,Updating my review to 5 star since I was able to get back my Pro access.,,
gp:AOqpTOEXKyseah1ZIbLgXlmIhf73OfvQnLVpGGTUViEXbLVecwf8U2-lDeWyl1LfsF82pF-HE2y1JfaUK5Ez2ks,"Very useful, must have app.",,
gp:AOqpTOH9AT9ODUU2Aux4vtuqg_5DLITHKBCfKFK2NEOWl_eZdkidpHKnun35cnTDUDBWj9z91VSBvSr4YIYIjJk,Super easy to use. Less friction. I like how users can discuss progress with each other. It's very helpful.,,
gp:AOqpTOE41Zy1Wm45Zq5GLDkt7TJhOfoBh0Hokje5sg0rT8VUe3klpurvHKieTpMhoWutYQZQBFQ1SEXXeXqiTg,helps me somehow,,
gp:AOqpTOFx_umQmajvIfFL67knYTt7YcRq8bFrAk9wQGmM4HKfNkAHuk64hDy9jCMHP5wiXMwV-riSbx-w2iLz6Q,"The app is great, but how do I get my account with Pro version back? It says there is some kind of an error and I need to log out of all the accounts except for the one I bought the pro version with, I did so and it didn't work.",,
gp:AOqpTOF0hOt4eEplC25ajMFt4yGcWRHecwM35BHb41hTiN99FCnljcZu5rDKkVEGXTXXyPpR6XWXRrhuLqIFYko,REALLY miss Wunderlist. This just feels like a list of work I have to do rather than a list of possibilities from which to choose. To Do is a clunky PC type office app. Wunderlist was a fun life mobile app. I'll be looking for an alternative to To Do.,,
gp:AOqpTOG6q1E38iWIbuLc8dA_K4rMiLPmcvX4MkHseQudDz43B467vJM2NH6exOnNC5LTVCxO7BwirCkKdPS2aQ,Recommend to try it. 4 starts as nothing is perfect. Not because it isn't good enough.,,
gp:AOqpTOF7k_NWdAI-0tAjb5QSxXH6UcAdAykk080PqSmM0M-lP9-j0_lu56fG9M8tfB4aFBPynsTR3PyYvEoaLw,"(1/2)Best for students preparing for Competitive.. But I hope There should be more option for different Uses not fixing to only one particular requirement. (2/2) Time Indicating one Showing how accurately we have completed our works..Assume if I Make an Alarm at 6 am and I woke up at 7 am that will be loss so, that should be Highlighted to Not waste the time for next day Further Improvement these type of Options will help us ..🔥",,
gp:AOqpTOF56fXFr2VugR6uIiMgmnYw6mU8htDCSlu4lBw3FC1qjlH50BbcI4CdxzKyl-JHeptuOpDtfaRtLjBDl58,Great at Tracking Habits,,
gp:AOqpTOEgF4KkuKGx71Sh6FFrziAzE0hQ2qmRv2ZLwFZBk3V3J_YjnOLZWXl6SHa7UqGT3J33zavU0jk6vjrI9ZI,"This Agenda has changed my life. I can easily switch between family, business and personal calendars. I can color code events and the tasks lists have made my followups in business, and my daily home tasks seamless. Im no longer the mom losing my mind (as much anyway). I HIGHLY recommend!!!!",,
gp:AOqpTOFygRCH94bRGjv1vng7_PA7Ab6blOHqM0ZgMUka5FpeKYuS3tmi_YE8JmbIa_M9RTTLIGxQiNGPDcxsrZQ,Top product. Using it for years now. So customisable. Love it.,,
gp:AOqpTOHjTal4PYjErR0v33Bz3-BELRWGwSzGpWzk_FdpaEjGgyOsrj0XKgtnsMy05nHarWDEhZz6uM8dO8kDBA,"bug bug bug bug bug, please don't tell me these bugs are features because i am a android programmer too.",,
gp:AOqpTOFmDUfmOLQ8yPNxD0fLuKzv-O1NOQMhvlQotn58k5lbeebeqAnzlQtN1AbFgxI1VX7AEv4Q53rZYKmhk_w,Good app at what it does. I think there's some functionality readily available in other apps that would greatly improve this one. I'm no programmer so maybe there's a reason they can't include it,,
gp:AOqpTOGWWbku7eaNbCTClamXzNEzrj6n2fKDrGscpe06HCi8CANWl28aEEN33ll7h9TRt0iYbfjKypc0m_ZjZA,Mahal. Harus bayar mahal untuk bisa mendapatkan fitur2 penting,,
gp:AOqpTOGTlXNIMQI43Jcnz9Y5L6ycEwHBMqpQYDccScJscu4GGJIE2ucRNh1cTiHLmDDCEoYEnb9dTUn-t6NP7A,Makes me productive because I'm always up to a schedule,,
gp:AOqpTOF0eOuR-jHXRD26Z4H6DsLRfdB7T1MposAmNGBAXBhHSU7flPXmLSgnXVKH5Ll7l0eagrs0CrD8WLzd5Q,Links to all google calender,,
gp:AOqpTOHfsFczGvNDCly_IlG6NHBgx_b2TnGvT3MRWMEwPk63g-6DmUUltr3BbfhCPulE0aH-dkfTEuXLzYrdAR8,Very good app for day to day planning,,
gp:AOqpTOGOUs8uMMvgOOdBO8bGOEw_9NpHsetBDBKzA7LoGAMZNT5BVd4bwOxUXwZlb8ue9quqW7rXiHPFw4c0IC0,I used this calander app for years and found it to be excellent. But recently it started playing full page video ads making accessing information on the fly unreliable. I'm sure the paid version is still great but I cant recommend using this as a free calander app anymore.,,
gp:AOqpTOEYBc3whJ25058grBhn6ogW8NA2fTfEo9WcqCkY2VLsVUmLBa3mMg-oSLBiyjOQFfrsp8GnWTPdaUMoeA,It's amazing. I like the way it is so don't try anything odd. Soon I will try the premium,,
gp:AOqpTOH4isjNvTvnA9UTtlKPsueBMII0S2TLx-uy4hf6Y-vVzGmqddZo0MvOSR1NzNkIMTWbuo3YbCUlLFOCaw,Rather new to the app to rate it higher than a 3 at this time. But I like the results it is helping me to achieve. I expect improved time management as I get the app's feature set up to serve me best. I sense I may rate it higher as I experience it benefits more. I do like using it better then Wunderlist.,,
gp:AOqpTOFd5peDkWMNzeB3mjsyAdQBWY4N7tvkWhyRdQSg2fKUS92KlZ5fwZyt9dhGshOYcCU71ZW0SF3FfgQssg,"Hi I love this app, but something was really not good about this app. The App Permission thingy, I thought it was automatic but not. I don't know how to possibly fix it but please fix it or help me to fix it. Actually I already turn on the App Permission and This app was allowed but still it says it was Blocked by the System. Hurry Please, I don't want to waste my time anymore.",,
gp:AOqpTOGPIqb4RXRl6aoma_TsYn9hVuh-lsNAkX_4beK8cX60ZSQ86NppdDXiZ4UDYPCTzjiGYw4Otg1D6TCsqtk,Have used this app for almost two years. I loved the minimalistic features despite all other confusing apps out there. It would be great if worked on making it an aesthetic user interface .,,
gp:AOqpTOEw6Hvuk5e58nRPlkgCC_BEzawjkSqHtgcpMjs_UMdKX0uXYztyAAoYKzukDsKRpgd8Gf38ZYqtfqk1Tg,I like and Immediately boight the Pro,,
gp:AOqpTOFZSiZYnOCmN9xqJxkfAnjxm9EIotXOBTcrAeo_kVrV4p_ZszrW_zZYn1IZoLpjW5TvRPoHoFOzdNXchA,"Events sometimes take a while to show up on the day you selected for them, other times a certain day will not be selectable. choosing midnight as an ending time for an event doesn't seem to work.",,
gp:AOqpTOGs30P2mxDhtWx8u8s8u9trM9uV4VoUAkcy10MxkQ8ve8TNyGwQonnbL08nEDGrk8ihtC1GX05Vw56hXw,outstanding performance,,
gp:AOqpTOGRdYjwJvp1iYp1iWbRJSY0cmfZMiTkjxc1V-oLdaUnNIZymutcLMBgCkB8NxN2lh1lwfWmeEumtpj7NOc,Great tool to stay organized,,
gp:AOqpTOHvEzUvaSAj0ukHPVjefm1MvVlYr9EdXT8-D_bpUvGtQpZg1MYP34ZmByE67_qYlPvih2rRDW2zqjChiQ,"Hi forest team, I do love your apps so much and it is able to help me focus on study. I just bought the premium version fews day ago. However, currently I am facing problem in sync the old phone forest data into the new phone. The new phone showed need to pay only can log in. Can your team assist me on it ?",,
gp:AOqpTOGi36teFClB7mHLO627V1zTgnpVlc1lKUUjWuFjR98qcIi0dHhuLUaK8uYmeHsPIZRlj2zRK9j1nHd0GOw,"The app wasn't able to sync anymore and as much as I know, the app wasn't supported by its developer. p.s. I bought its premium version; It was great, not until they haven't keep it updated.",,
gp:AOqpTOGvEl0es2_xns8pi4qK5OJVSuF70BMQSYXbl11nkhyIM-NCO25oqQ8QeI3joxBXgKQLMe1FrLSvpT5NTg,How to disable the everyday 9am reminder to keep a reminder? Honestly don't need it. That's just a noise!,,
gp:AOqpTOHuiJaKVLfCBipmMk7HOb2E1J6l2ZgCDaujp5XLmehEqYXemIinVXAhAA5-b6l-lEHfthwfxducw9QXEE0,This application opens slowly when I click it.,,
gp:AOqpTOHuoRO4byHRf-PSihg7Q4FLw16UpaKOEwNJ84Qk4a9odlG84QH6UIuLnqVbVZ1q7q40yfWCrbLmI53NrA,Really helpful app. But it would be great if you guys add lock feature for individual entry. And make the backup feature in such a way so that if i uninstall and then install it again i require a pin to unlock the locked entry. Also if possible add the pin on notification option.,,
gp:AOqpTOGXsrf2PPdgaqIzahLZGlUj5xhsBzYQsiVCLayQjT0aMyHviScX2i_1_xKcxllwj9iZaeIhFy2r7msqpw,"I was liking it a lot,but when the new update came,I am unable to choose any type of Tree and I don't like that😣😣😣😣😣😠😠😠😠😡😡😡 PLZ fix the bug🤕🤕😿😿😿😾😳😳",,
gp:AOqpTOF6USxysSmmREn8t0pSU9EhafbG77CeRA6BykCV2uK6SVAJWzF04XVHArIQe9dGLU1EjM_E1jPNc3siBH8,Bring the Gantt view,,
gp:AOqpTOG2BdvRqU35cqNMLjzMbM4CWLlSVpWGKdmr3HezXEO7kCqhf4axWPxi1fcpI76CM9h4mDxv2Uxh9hlPGQ,"Just starting and learning how to use. Unable to set correct due date on tasks. When I select that task has a due date, todays date appears. When I click that date the calendar displays. Allgood so far. But when I select a date on the calendar and close it, the due date is still today.",,
gp:AOqpTOH10aAG4oVeFawA2Nz7RobH1UTiZVJk08rwPJX0qhybNMpuJ_T0_T_My1vaIWit9GNB4qlaGul8xZghIQ,"The app felt good enough for me to buy the yearly subscription, which I did and paid th 15€ it requested. But a week later they charged me 17 more euros to my credit card for the same subscription and the same features so I basically paid 32€ . THAT is a scam and unless I get my 17€ euros back I'm gonna keep the rating at one star. Edit: issue was solved and I got a refund for the extra money that was charged, all's well that ends well.",,
gp:AOqpTOF-xglgtEG5sDT56LgBawqpqxYajPWyS1jCbpYwkI4noqVr656RE5CukXvL7zbIUoHC7ka2Wj38ohyD-g,I couldn't find an easy way to make a project recurring without using templates or add attachments and notes to individual tasks.,,
gp:AOqpTOEqy5eKIr-nSi3AiuU7necyoFMrPpFWce7fNgvQyG92SoFm-hb0wWbG0bFivBkBQ7SajkR1UC_Jjt6lxA,"Seems like a very well made app. Very good for if you want a rigid schedule that has plenty of options for repeating patterns. One thing I would maybe look into adding would be a feature where you could set an assumed cost of an activity such as your daily lunch or dinner, or maybe your commute so that you could plan your budget along with the schedule.",,
gp:AOqpTOEUTY2c-SMNbY-D7z-AyCBHzLhdmQ4KZmS3D9g3nYctkkzFKfTZXBVCOAEegavxSEF_Odr6LpkBDglJCA,Mad Game App,,
gp:AOqpTOHsgs0E9mXwu5B90wfbtPc5aCK1_WS9G2asV8wTJ39olsJ8rkSKUZvabhPPssqNmuw0iysDYAVvc3nrlA,"Premium user here and I'm enjoying the app so far. I've had a hard time replacing an old app (my.poli) and this one seems to fit the bill. It's quite buggy at this stage and has limited features but functionality is great. I can see myself using it for the next 6months-1year. Hopefully, the devs keep improving the app.",,
gp:AOqpTOFa2TITiO67imZs-1JVTtoKhoc4nwiGnpm7a6zM2SLJEJQWXqyRbGM6laGRBvoXe9owdEYU07KykLB8Ag,"For an app that's meant to help me organise my time more effectively, I didn't expect it would take the longest time to boot up compared to all the utility apps on my device... Really nice UI though...",,
gp:AOqpTOFT5U8dbv6nw43Da0yoqfWjG4EGIVmIC9EjjgE7zGh6FxPU9jC_trE0m9xNUbP8pofwFDPOYndq59tf5g,Good but confusing for new user,,
gp:AOqpTOE3h9kxYZ_lKuFbC0VJqb_uKEFxTlo3DgY-OfG8kER362zOBXOHEaiRONYIHRr8uUJjApxLAceFlbYBJA,Show,,
gp:AOqpTOHIZOoJpYasRH3LU5czFjJYD_swGo2S7bKS5U9xbiQBD5MzuIFgQeXMshpUQQhm5CmXzICDDwbvTiFgTg,V usefull app i love it v much I use it daily work good app world's best note app👍i m very happy with it😄,,
gp:AOqpTOFj8LtPMe_eFsWEGFW22FuvMulu3_baNjD1mx8JNail64-nG9gFbSSJAixTufvynTOg5-u-Rb5NJOigOg,"The app keeps getting back to system language even after I selected a different one countless times. I've to select the system language and then select (again) the language I want the app to be with, only for it to go back after a while",,
gp:AOqpTOHXQIByf_uEnUFJR5Xkbts0ZVRzl_VEvJbj08YqJqGR5i2FaKcMeGAFN6E64gzrDp_HG-Ns9hTwqN2M2Q,"Best planner out there! I love the ability to take notes, journal, track projects, schedule events and to-dos all in one place. Excellent!!!",,
gp:AOqpTOHfOy-Z5toHnyyqh8NpBfmP3rpow3npHhKApAo7CvR9t_sPhInFCVrMTDAEK54Y6JYUDa9Oy2j3FjLOHQ,Best for schedule,,
gp:AOqpTOHau_6vm_X5mmJu0QDx0WVywW7sK9cEueSCEfhWkAdQLJBpsXG4MaboKWYXB_qA-CN1BDH89VCRagxy2Jc,Really useful app. It helps you to organise your day properly and reminds you important things on time.,,
gp:AOqpTOEAZ1GhYsa61jxs8AIlzO34aRtvXCo9KXwz2GRy1JLZUgj27wS2nm-D1xUodtjeaZVmTmDPwH0fKDkirW0,It's good but wish Google assistant would add to it,,
gp:AOqpTOHQ1Eb7Qk0UUGxrCLCJqqMCyYbwp4YLF2nn0rh6avQuiUz8zeVfqLGhSbCbu9oj9Dh7l0IpHshZYsKAhB0,Best app for being productive. 10/10,,
gp:AOqpTOEdi9gehIyFTu9bG3zBNXgNJ2DGR6iJ0k2ZaV2NyzEJnTn5JGeQQGdaGRYJYAumFE2_gzqS11ANrKHZa0A,Great app. Very stable so far.,,
gp:AOqpTOGpyNGinQPu7O2mbdg7yLQi3d2VCbyjVPMg3RhbbyZJndPnd3c7amh_3AATgJLZoQMJFoCOGHQQlaq5hAI,With the addition of publicity deep the app lost its productivity side.,,
gp:AOqpTOFp4U49XZXNHSg9vrXuNmvPdm_mQI2wVhmnWV9dIkbbpxoHtskFdvyW636NFOzebJMalxcfOcxURXJpwhI,Como que eu configuro uma tarefa para ser realizada todas as terças e quartas? Se não é possível fazer isso adicionando apenas uma tarefa precisa melhorar urgentemente,,
gp:AOqpTOHn2_hLubDHXYedLJzo5x9H3M6Z__zvMr-QNeiX7NpUGHwaPBpRmMBWMSIJf0OKRmth0GtyKX3sxBf4,"The app is great for the most part, i just wish that the 'notification option' for tasks would actually alert me. No alarm or even a pop-up message. I got this to help me remember to take care of certain things due to memory issues, but it's not gonna be of any help if i can't even remember i have the app. Please fix the alarm notification system.",,
gp:AOqpTOGeTOsvx7wzbtPplIR7Dk2udoGqcJYdcUYs70UQLBGmr4e1NRRKLpYygApXPpULBTYV-3JSRrXOEKgWGWE,"When u want to add check list this will help you out. Instead of writing some where, u can add them out here. But in the case u want to develop it as a habit, then u have to changes the setting and activate habits mode... Even in that u can create only 5 habits. If u want to create more than 5 habits, u will be asked to update to premium version Only 5 habits thats funny, if its atleast 10 then okay...",,
gp:AOqpTOHJ8ITwRcbN1Zrx_tpXxjQj7pRXsASe4jVuxNEg7kRfPDmB70I__jRcz1iB9Pv7cccayut2y5onq-UmKw,I love the layout and different features. Two things that I would love changed or added are: 1. The ability to either edit a routine for a singular day or to clear a routine from a singular day (like when I have an atypical day and can't follow my regular routine); and 2. The ability to see the overlap in events/routines if two different things occur at the same time.,,
gp:AOqpTOGU9Chgo2gsMdmKlBy_v3uhbnq4X78uUtprZpM-8IiyrN7g0BWax_P_Adj788U0znRGz5mFkW4wxp1IDtA,only 5 hapits for free,,
gp:AOqpTOGlaS8ifLsQvnLrrseyNaCNbu69iA-60Sctzy-Qb2ABxWywll3O2O2p_SFO-d5XHG07etu2gz0Xw-85lg,The app is good and all. The only problem is that the reminder does not work.,,
gp:AOqpTOF8Hc1dOHCMLCJlGGl8c5IAxsVs5Y2JkzFU2Df5WjBz4-R_O_DJL2gZfZbeVc7BLuq2xNLAvDm9A6qOqnY,I liked it I just have to many things I want to put in it and I can't afford to pay for premium.,,
gp:AOqpTOFQljDvjXQJGR-D5F1C3YHAtO_6YCdlQ4gOrnG-whFNmhgVhxqKhW2zDydjyk3iVMrKlyn5-B-s_nLG7A,You remind of the todos I had planned to do and didn't do. This keeps me updated. Love it,,
gp:AOqpTOGMtgjZR_GRXppFKbsHgqn7QxVwKI-9Rb78gfnDbmVDsiSBiOXf0vxz6jkSidIYQpx1JwKrbvcacb1ApA,very simple design that makes adding a task complex! also most useful features are premium.,,
gp:AOqpTOEeiPOVQibvALdlVER9K8uwwdf4UdFjok78xJrVuvc91CGTeyNWVfN3YlfbTjt4Dsyfqz9f0CzRNqaavg,"Using this apps, i can guarantee you will never remember one single task. Needs more improvements to be classified under reminders category.",,
gp:AOqpTOGfzkHWIfD1jJuMuxPgaDJJnDKgxZ6NpbpBbSJKozxOeVHaMH_H_hDnjr1V3mAwVz0MY4k0jQrJhjJqYQ,"Are the tasks created in this apo visible in Google calendar? If yes, how to set that up?",,
gp:AOqpTOEVJbY7NPKil0gwm0CVW4o2M8MFybwKDK5tq73zHJocbe8NYztpDV3GsSBVtoRfB8EOzyvMicWm8nxx3Q,outpour pilpikoo Moli; knpm i cordova-androidHoliday Love molexercise left arhm stretch appointments medicine tkio do fooodannual property tax care regiostrnpm i cordova-androidnpm i cordova-androidHoliday LoveHoliday LoveHoliday LoveHoliday Love on i cordova-androidation's going knm inspection,,
gp:AOqpTOE_8mBmlW2G-H75NAYCcvl1A2jT81MwC6ONVxT1he1WdfMMUz6_P8cIhUXKkii7ErbdxGWhyaMpuye-5g,I began using this app 18months ago after having a baby and feeling that i was never feeling organised. It has been a game changer in helping me schedual all of the little things and keeping me on track,,
gp:AOqpTOGGcXIF3z3R7_gM70fO--pWFoT1Qqh0kW6pSfSC-9QxOBXfi6ZSD1_cjgEtp28ZFiNOLFQiDjUuxk2QoQ,Reporting abuse.,,
gp:AOqpTOG1JArD2wCItUusq4_U6X0-hbOUFhCbu84nfYxl6TPsE21Qnx3XbWubyymiebV_zrusFbj8WINuCYb9Zw,Must hai must Review padhne me time waste na kare Phata phat download kare or use kare,,
gp:AOqpTOHjiSZV44CFtBdfbMQp3hSmECuoROOMZHCQVW3-zOcx7N8TlIzN9bQd8BvCluodKgf6V0fVg68G7CNwQg,Amazing app pretty good to remember you what you should do :3,,
gp:AOqpTOEf7Eo7CqUMcDqYr9c0iJUZmachuHDjgxh7z_BXJkPydYcTxTO6_SS6alJATMnpVStGnXC3epggORPnFg,Looks very appealing and has support on multiple platforms however having basic push notification for individual tasks behind a pay wall is pretty stupid and makes it the app untempting to switch to. I would reconsider if the paywall wasn't a subscription or rather have the reminders as a separate one time purchase.,,
gp:AOqpTOHYt5Ye1eCpwHgMbnqPIhYOrUDlSJ-z1_oXnffREAZu3-I-XFqaq3sWMCNRpZ1G6U16iDc0iri73w-6WMw,This apps makes it easier to organise your day and goals with daily reminders. And it is a fun app because you get to customize the themes of each goal.,,
gp:AOqpTOGKeFc6T2i9yhHDNjYzR4IAjhTVCm589EypWgyl8Bv-Jldk5XZpgpIUlhWFAXSxeYQrx6o0_becM_6bkA,How to connect with Yahoo mail,,
gp:AOqpTOGTwE0A8sopsI0EoIF1SSYW5kIu4wyEjf5KB0BlN79smoaI4kX65EyBSrsDF9_dZXj1VvoVyr2ZqnAF2g,Best app for daily Routine but there are some issue such as you can get lot of coins and increase your level to infinit though settings. You should improve that because Some one donot get motivated for doing task when you knew that you can change your level.,,
gp:AOqpTOFspiA7iwQLvebnXT1eMvtUFhsqZafnJPQKKIdZuGNWP_D5i3ayevVG5DLNCXtuHXbGoWOEeoX7ktSXrg,"The app works great... with wifi. I love the feel of the app and desktop versions, but a decent chunk of my day is spent with limited/no wifi. I can't recommend it for that.",,
gp:AOqpTOERv3RK9qKC2YsuyJWvoosb8ooZrd4_R_rO-VoEi74RQHzjPJgKf_Fl84RgP_mHlvZ0yYuKXgScvtfrQg,"It's a cool app and it kinda helps me but you are forced to be a warrior. It says you can change your class in the settings, but there is no option.",,
gp:AOqpTOG0KPPVBdkv_bidEyrtlWIaV5ITOvIbEAMywY7qYel2EXAMiFnvd74LKj7Bh0XMnOW2xo0HyIXeHu5p8X4,"Great basic app. Had an annoying reminder that the tracker was running, which made me wary of the permissions used, but seems like that was fixed.",,
gp:AOqpTOG_XDC-0QeUiGy5bMdzeJkPktrUprFGdSstf_-xeWZS8h9yTlJERC8P0dSC73KPGGl1Ae7K7plCLdskOA,The new version is so complicated loved the old one it was simple and easy and quick to use it was perfect,,
gp:AOqpTOHUv9P_iXqWCJvM7ZA4lSJ7In2IvjuO7LgDEdCVaKJqzUa3ryy1dYl2rXWV1ujRNbFqJ66u0hGsVrmIwPs,"It's okay. Works well for short lists but gets clunkier as lists get longer. For example, grocery lists become unbearable trying to list everything in aisle order. Takes ages to drag everything into place. Needs a way to keep groupings within lists.",,
gp:AOqpTOGeOzXTq1A2ziK0B6bm3y2BK0ljBlm_EqocdXhlxrL5CxGtOYVVNLDxXaRY0xnk2XXMjoucgDFnsa8fpg,"I granted this app full access to my google calendar, but none of my events show up in the diagram. It remains completely empty except for national holidays (like National Tartan Day on April 6th. Yay!) I've given this two stars instead of one because this •could• be awesome. The design is great.",,
gp:AOqpTOG6xUaY90hZIvo47lMGTt8rWC1ogZuxqRb26fQdQttdcXgDd8FOSeJaLUYpZWzMND4VNtqkdx11f_mrxnc,Nice experience,,
gp:AOqpTOGFxTUIpJp71UGd1radH2NKiy2KawVUGmxKyrs3GkcVZ0y10WEcnCDVwMrUYNLFpdbQ86FV7Gjx19E9AA,"Having less screen time now, but I hope that instead of just having virtual trees, real trees were planted everytime we have reach a certain time for not opening our phones. 😄",,
gp:AOqpTOHls7DW8wmDFzTkHwxuqFkdNQtKHmO6Pt9jhZEQ0Q2rDzcc9WMABIXZNu0pIJOhiFrA4uhMOLq1ZIWKQA,Dan Birthday Oct 28,,
gp:AOqpTOEPG-TymQ0Yk46JHIjkZLMf8YldXGIWyq2TEVhLm9u1kB_afwUPROZUaLtTNzW5wO__7hQ3fJCak206cEI,Early I was able to register birth date in 'Birth Day' reminder and it reminded on the day with the age. As 'Mr Satish age 55.' That feature is missing.,,
gp:AOqpTOHB2AZVFfgOfrAWBGgXRejA_ndIEOnwxIediYVT0ARPXg0ameqmJ4NrFmzFTCQtOnngszHRCrSzPh7soA,"I used to like this app because it was like writing in a physical notebook, but that smooth user experience is gone. I feel like they are focusing too much on adding new stuff while the core functionality gets looked over.",,
gp:AOqpTOFJNCLKxG0bsxIxNRTbfbaANTzjm8lQ6B3IHNghqjzj09ow13eS2dV_1sqF_5QQ374GP9uQ1CfWFFdnWQ,"It's a shame you force to buy nice trees for real money, it lowers the ambitious to use the app.",,
gp:AOqpTOEmGyt2-kexjNa9Tj5ZxD0qnzyV5GZT9dMZIxxbYtez3tqs4341tnIJSSdTx96x7nc3_duN9N-ZoDFFbkg,No complaints 👌. Works as advertised.,,
gp:AOqpTOHjvvsDTVpP7Ce14fpq07DFEoJSOb6xz8L1dsp8zS0STtB8bZx-OckKlMbN1H9W2QfAh5BYdhk0N6RseA,"As a person with autism and adhd, this is great! Started using it today, somehow got the pro version even though i dont remember paying. Cant see any faults yet, and if i do, ill let the devs know",,
gp:AOqpTOEJIafq0gJn_b9FbU3t1fCNKLiadPTdo8XNrvT42jmud_4FYlYSjPjV1VLUfWmJu2kArTYfnksGC2p3Aw,"WHY? Why my habit streaks keep disappearing every single day!? :( Edit: Thank you, developers! I didn't notice that option I love this app❤️",,
gp:AOqpTOH4O53tioumZfRC-3uR7pcA1xyjxRS_NXdCAcvEHujru9Nfopo3z94r0UDVAoeHFtKA4NpXMujsJ5ReFg,It's a good app but there should be downloadble templates since it would take time and a lot harder to create your own design.,,
gp:AOqpTOGMU4-vm5DhEcazXO9L9dG6e2GUBWyA9M3OP2f9zF768i9RWWEkdw3izHTfrJ1tifEC7_sdkazUwuibp2c,"Nice but please give option to add different time intervals for habits. For example I want to develop habit of drinking water and want the reminder to come at multiple particular times a day. The app allows only one specific time for the reminder, so please add the mentioned feature.",,
gp:AOqpTOGFHeIUCt9Ej6gJc_xqzQwEP3FUvVPSKvzwxEBT8BDq-WVh8qjRtElEFYlUsMYCZ4m1MFI8feMPoFBPtg,will be 5 stars if it can be backed up via cloud,,
gp:AOqpTOGTpstjnVcOJ4CVH4ZFXFSNcupO8DcT2F_rQNs5Lxq_tG2X7xmKTLG6p421g1O15100XfKJFFVatV3lUQ,"Love this app. If you need help sticking to a schedule, meeting goals, or want to better your life in any way this app is for you. Guilds and challenges promote productivity. Separate categories for habits (positive/negative), daily tasks, and to-dos keep the app structured. Wish there were more items and rpg aspects after reaching a certain level though.",,
gp:AOqpTOH82d5rYoE0JM2esu756aSj6l21jS9MACYAljoeM0-2X-AZXS_WKY0y_U8SVu5brz-oEn6RmRplGDP0XQ,Really cute app and I love it. But I wish there was a feature where you can pause the timer? Take a short break then resume studying. It'll be really nice. edit: still nice but its boring now not gonna lie. And I find it so unfair that we have to pay again? For a more exquisite tree when we already did? My motivation just drops-,,
gp:AOqpTOHX8RlebP8qzj6OibHLmHHDkgB36hb0FF5m6SGVOX1nQOewRMBGwI4RcJrw9XdQrXNYG1xFHIfB4WKN_w,"Can this please get a feature where I can add tasks when offline and it uploads to the server whenever I connect to the internet. At the moment, it simply deletes everything.",,
gp:AOqpTOHaIZ7H_VFRZsXN0qaN3Bgb7Zhw5V6IVPIuoVr2Xv4ps7ZKVVIM_4BAAalKA2Mlk5P1QPjw2d4F4zvG,Strong fallout/ skyrim feel. But full buy price is 45$? Even those games' price are lower on sale. And I bought them on sale. Other sold apps price are usually below 5 dollars. And the default free theme has nice green background but paid ones only have bright white background?? I don't sub apps I buy them.Sub is for something like Netflix and Spotify...,,
gp:AOqpTOHGjcjXK4itQjHvaSPLCwKNe_e9Wy4xBooSTzrBGryzD1S4dY4MxDj38lRBPgeCEMmFaWWsGp_-W14Iuw,TonyR.Suarez penaurree,,
gp:AOqpTOG2uRrqPoj_AXvG91q9WdfUUyUQ1fNrbXzl_DMrnvJk2cKQ164OFzJdOrPeFYbixU9Te1ITPtnGgdW29A,"It's cute, but the fact that I cannot view a calendar with my progress kills it for me. I am going to stick to Loop app.",,
gp:AOqpTOHEGkrVcqBjKNGXC6hi2O5HlOuTquVA7y0bjSn_B1uo1eYjsu6WSMYy8mDxTfQaF3_L-rkNoNScHqhy5aE,"I don't care for the calendar app since Google Calendar is superior, however I use this app for the widget, which can be customized to be simplistic.",,
gp:AOqpTOG9LkS4k09DwVYQo59cuNCvCnDyj9K1wwlIEvXntvaQYNC73VNs-QbOsao4QJmlAhA503PayA_trledZA,"Best task manager on the market. The ONLY weak points are sub-task handling and sorting on some views, but otherwise fantastic. Queries, fast entry etc. second to none.",,
gp:AOqpTOEM_bF35STqy7XjfuHw2WCxdGlqWHsGh7qEiLqR2IiM2yJd9-zENGGYAs0H6fqdg_Gu3m3vgn2-0VGpCQ,Idk why I still stop doing my habits,,
gp:AOqpTOEmqjC1E3d_3gE08pkIT6QYh7eEStdhjSwnmBlezPQgheXmin2KoeFOW_SluMcQgIkxciRAZdF_UGbPXA,"I didn't get it, but I don't know I'm the demographic it was made for.",,
gp:AOqpTOEdCtzwvKuF-JFJ_FXRs5zlFTHSAeBbpxeP9XL-K7YbtfnZGiGQnBjHFCzuAxYlTV5kwbJeaDJz89D24Q,It miss my data after updating.i can't use it easily.,,
gp:AOqpTOEx9d0SgD8xsWuijf69ccsOBagEIgiVic4qVmP153rykgELkZ87RaLdp6sg-Lp9O_--rmbG0h71uKFXxfw,Needs more work. Notes are awkward; maybe what I want is something simpler.,,
gp:AOqpTOG12CzCf60WVMlU3eDi7RPPlV_w60ZjNOlaKnHJBTGWGWpFwioJ59bYjQ4jzkWKfe7zGyl0AbLWv9BmdQ,"it's alright, it sucks that many things need to be bought. otherwise its awesome",,
gp:AOqpTOEuKm59LGsQZ_pp1cB442xMk3KKLv4s20EGMsYwDuVXaKtkK1yOFx97xqyJrayEme3A1lS3YgrZ2hJV-w,the app's interfere is really irritating it's already sets meaningless things for you in infine order,,
gp:AOqpTOE9rFeNGsDsae3e3bC1vYc-PgkfMOJxtID9BcbP8c6qMqMxptVYkRn-gEzszj-Y8rImTeCx6TmUr-10Mw,I think more trees should be added which are not included in pro version,,
gp:AOqpTOG4WKnRUUbQg4l96tezmCMMXeFH9FYdHC--ewz4G53RNr2BNd2YWP2Iay_LBhzeYVCCjATWzUp5dx2d_w,Love the app but notifications stopped working after couple of days and now I do not get reminder for anything on time.,,
gp:AOqpTOF7yV5lpf10-r1jk66O7p98HAvzoPl3zsJnryO4oBjUR_2jN1Q8nvxRRBI5_YGXLsyFMNRbYYUJ0jVa_w,10 out 10 recommend for anyone who wants to stay organized and goal oriented without knowing you're doing it! This app is For beginners looking for a concept to start planing or motivating & go getters who want a fun and resourceful way to sort your goals and stay motivated.,,
gp:AOqpTOGvLMxJqtvejTyMfiqmlchcDCTpAvP2B2oOquC_001i1BHMvLjUXkA8op_aeQmfBvYH5m3KyPgg4LUFeQ,Can you please available the mobile reminder service for free? It's very important for me but I am not able to buy it.,,
gp:AOqpTOGNieALKh8mcH3SD4-M6f5lsuX1N8SKN3PD7Gx7GXSDN90RUSflDOkp0UbzJMQ7uIZfST1gvv6RgbYWMNY,"Very good and gets the job done, not the prettiest or well designed but certainly not the worst! It's exactly how it's pictured and works fabulously too. No crashing or issues here.",,
gp:AOqpTOG9UlCI6qGJ3ZvcChxJoRyiyYw6OPCWYFhU4ECLrOdNbPpF93Z88bgMu0bB1WzWcC1GpCen2auHK_Co00I,I paid for the premium version but all my habits records was deleted without explanation. They fix that problem.,,
gp:AOqpTOFTZTHBsFvY_nWF_6JwmcX4g61IDNVS_scPyOElCITab6POg78hPXOjjQd_rIuOZt-d2hCEDM2AYUZR,"There are more effective, and honest, ways to turn a buck in the Playstore. Crippling your app with a paywall only drives home just how unnecessary the app is.",,
gp:AOqpTOES_por7I2AjgqFrDuoeVhV0eRmajt4pB3b5F3wJmwxK_MN8NIDxLP653S7pE1wW4NweI41u9UEbVJ7GWs,I'm changing my rating from 5 to 2. I've used this app for many years and I love it. It's a great app! But they have recently added add on videos (skippable but still 5 seconds long.. ) after you've created or closed an event in your calendar app. It's really annoying and disgusting because you don't have time watching adds when you want to add a couple of events everyday in you schedule... You've went to far Business Calendar 2...,,
gp:AOqpTOHiodDLLYynkARVsVHf0WbKjEvnONWciDtyLz6lX0Z9Mpk915MtoViwvVDPuvxujGAqVX3uwjY0ykD0MQ,I couldn't use this app because it is going here and there so I can't set up the time table,,
gp:AOqpTOF37iR-z4KaKmSlHSmS0q855U9Ot8iXsfxESMfLlJKJoFkFYM1K8j01FvqfzQAx3UhBmCQO2MxM19_1yQ,"Good app. But didnt exceed my expectations to create a google hangouts scheduler. I really want an automatoc hangouts chat scheduled to be sent but when I tried to set it up on zapier, it doesnt work. I had to unsubscribe to yearly premium, Im not sure what gives the premium vs free",,
gp:AOqpTOFzJN0MAcgicSYxfYKbPCGOwWKdBM_1RYfjfQD545rn13WdTwrqnqww60t2uoZ1fG299T2-Rs8TBW2hVw,"Why i cant set the clock in new activity.. There is no 'ok' button and everytime im back the clock back to 12 am, well, 'ok' button is invisible in my device",,
gp:AOqpTOHO5tQdqUXws-68Ez3Y8_QTETnKwRWtQF5CMDu4sXmyhdZYz1uKkco-g9CxmFWEsTyTJ6Sf03w37bGAOA,Shabab,,
gp:AOqpTOGkc2fG2JT_yZ4tTt4W-KXy4dit7eebyvIkTD1GjbDwaytekQA9SlvjXZmyFwmCPt4COD9RgEJXdPx0_Q,"Been brilliant for ages, now it crashes /freezes constantly. Looking for an alternative, sadly.",,
gp:AOqpTOHIh_UMof1AqUveeB5y_qhRccc4YSPbyNnasHyyS5ySPcqMhzvS5dnSojbQmw3KE4BMGUDST5TO0VJlkQ,Very good! Superb app,,
gp:AOqpTOEwjvF9ZMSHb1df630aF4g2tslurc0B9TGgpfLZSHmthVV8UURp3hPBr0s54LywoJyqMOaw5gN8lISNsTw,The functions of the app is great but the video ads causes me extremely high data usage and thus money. I am ok with ads but please provide options for non-video ads ASAP.,,
gp:AOqpTOEjAlWGl__jX0i0Th2-8SvmTfu0AUDo_EHTzHdFaVUzX-YEi8fJrkig_3RugUyVOUOFO_83BIN1jlttzg,Mlm,,
gp:AOqpTOGWxq4v-X-2KrD7z8-E3SsbER5NNnp09JY2oJpxP6bjmvKyOokhPfuUNrm7Vi40okZvcLcGMwZamKlHVHo,"I like the app. Have been using it for a few months now, and the widgets plus reminders definitely keep me on track. Only drawback I've found is the inability to sync my profile - always fails with 'sync failed, make sure you have a working internet connection'. Have sent in support request, but so far no response. That aside, the app works well, and I can still use it in 'standalone' mode on my primary Android phone.",,
gp:AOqpTOGHc0W9uJvKJtyqAcMTPtTqwoqagC4B3Pi2H1kmp2elIOnsxI4Bk7ghBndE6zmaKVH5iuhv4ASRKvnRqA,Class,,
gp:AOqpTOHOOT8r8dKRptgK_-kFEH4RVe6EKzEs_AOGOoie6HRzVELeRRto2JkJzO5yWhfv2LMrRfa_M9w0KfoTMnI,"It's a great app and has definitely helped me maintain my habits. I had been gifted premium early on, but I've found that the features have disappeared and I'm only seeing the base version. I like it enough that I want to buy it, but I worry about whether it will keep the features based on my experience and other reviews. I've also found a bug: when I have a goal set to 3x a week as ""success,"" the app doesn't recognize when I've had a successful streak and always shows as 0 successes in the streak section, whereas it's at 80% in the ""percent success"" section and many weeks of meeting my goal.",,
gp:AOqpTOGfJxjivxbfvl_3UDwhFhc1nY-oCUGZgBEUBUuDATwqrLnbfJKiRf_YsYjGUFQmR1uo_n11cVsNDnwbLg,"While it has helped me be more productive, recently the notification settings are bugging out. When I tap on 'ADD notification', and select a louder notification (for when I wake up) and press done, I find out sooner or later than it had reset it to the ""opener"" (my default notification sound that is quiter). This has caused me great annoyance because of this and do not know why this app decided to bug out!",,
gp:AOqpTOEWyMF5Ebl4F9hkHtw501_TnZFeLAHWBtvWKfJa4CFb_oGPvFiiTUOrxNlRPgpJHg4axRWYRJLPEG_Efg,"I really like this app and it is definitely a very nice visual way to keep track of time. The one MAJOR issue I keep encountering though is that it does not seem to easily sync with my Google calendar, which is where I have all my daily tasks stored. Edit: after trying a few troubleshooting options (including the FAQ suggestions), I was finally able to get Sectograph to begin syncing again by uninstalling and reinstalling Google calendar. It seems like it was a one-time glitch. Love this app!",,
gp:AOqpTOEVASDNpo3AkKXUGibgBRo1_0aY9Cxx2EVdsqmTQts4xobx6ualDe0BScH3pn9yvJm7PgTnJo0L5xlZkg,"This app was AMAZING when I first started using it. Now it duplicates tasks 
too much. I have about 20 of the same task for each day and it takes 
forever for me to delete the extra tasks.",,
gp:AOqpTOEcam7Ug27JGERhVPvhtA-Bi2hXfFvdpIxy-hO-ZAINz3JNFtaicY8QvwHqFFeQk4-Z3SEdpHVbjHcPpBU,"Everything is good, I bought the premium after 5 minutes used! But one question, why we can't create a task with a date which is the day before??? (eg; Today is 11 May. I can't create a task on date 10 May. Sometimes we might be overlooked or too busy to add task, but we need to have a record of what we had done on the day, it can make us feel so ""completed"")",,
gp:AOqpTOGofViGeFCZxTpuyn1YGOo-Ny0-AMmLVBlz-G0z8hhlgNyzWz2JfgkMSVLkaQyjUgnEdPLzBISvCFD7ug,I'm here for the Ninja Cerebral,,
gp:AOqpTOGgX4p4RId1kMSuHJrRSR-SIp7FjbSjweNzQ23DbhbgYaLYkBVHT2UFcaJbqyNsn16w9jPQ629iDVLLRGY,"Wonderful app with nice visual hierarchy, but now ads take over the entire screen",,
gp:AOqpTOFOiRRTrwevSqsBBZAcGy0rnGKyS8hH9jAo-9apKmtzIxfuYR8YEflo2GeEq7E4IzsR5eATB44LZ6pCcg,"Love this planner. But whenever I use the repeat function, I cant just edit 1 event. I have to edit the rest of the events that are linked together too. Would be great if I'm able to edit jus 1 event even when im using the repeat function. Would also be great if there's a copy and paste of events function! Would make things really easier! 😊",,
gp:AOqpTOFcvbiwOppr3zJZJq9GH6ZlbWlt-dDAH6Bmi5HqFUhxsnuj3Ji5jK2ihEwzVcB_HCWqY7KhgYk1B4gJgg,"Really like the app, but I've found a bug when watching the task of a project in board view, for some sections the tasks don't appear and the ""add another task"" button appear at the bottom of the app instead of in its position.",,
gp:AOqpTOE3MBzIBAKg2_9cGymV65xZVJWl1CqCocQMDY_v2tgA7IQSSqNkvpbvX43dDw0i0USBAAPqOecDNzOXXmw,Please add 2 way sync to google calendar with minimal delay,,
gp:AOqpTOEl19eY0mN1Z-sjsyaUh_u7wF3ylybOEjUEYy5mbS7TYqgGVNRLXzW_sEDlLnNAyjEte8TlR2TdCcMMNQ,"For the love of god explain me why there's no option to always show the tasks I've done??? I don't want to go to the main tab to the submenu, like WHY can't I reach today's ""done"" tasks from today tab??? And no option to make them not hidden as soon as a tap it done.",,
gp:AOqpTOFtmjCGtcxWo6GWgqiSUAde6QH-kSsI8RitQx3ggDKLxfnRB6Dsr90M6y7tIT0uGNC5jMa1Z9tBJEXIGw,Easy to use and intuitive!,,
gp:AOqpTOHD6s83mND5EBboEcqb45iIsv79NSCcBNOk8UpI0uc3bM1o3aiMDXnBEYknuNnW6AZHZ1N2CE24FM1W,"It's pretty nice all things considered, but I have found a few problems with it. mostly the fact that the notifications do not work and by that I mean no matter how many notify alarms I set, none of them go off. I've downloaded this app on several occasions in the past and I've had the same problems each time. The second is that the widget will (quite often) display that I have no tasks when I in fact have about seven on any given day. I'm not taking a star off because of the widget though.",,
gp:AOqpTOEgrprulD-J_R9OwaF3MCE4zleS-zMgbdBseGloLDJEPgFufucsFUUeEDeKSThOLTRck7ZgGA3XPlafZSc,"Good basic lists, i would like to create more lists, but the annual fee for unlimited lists is too out there",,
gp:AOqpTOGZUTW7SbfQAa0a9q8iAZQOX-TouK9qOIzJjwlDoNkC7S4Ue_8WWjAtcrE1z3DW9xRUQyvg3K_C3hv0MA,Long time I'm using . Very good app,,
gp:AOqpTOGD7UuiarhhBbJAhL8MXQBoVJqaL2alP370yuNO4wXrDrwjOBPnrRhzrnNF214_d8-ssFo0W8zwUy8yuQ,Switching from one list to another stinks. Otherwise helpful,,
gp:AOqpTOFZ25IdoIvvJTbTeMuvEKuM2Ok4ffg-T_hjFSRFzcTEmQqh0KFxrFK2hh01n-LbwMmUPl-tjneqZlVAeok,"Excellent app. It seems to be upgraded quite often. I haven't had any issues with this app at all and I have been using it for about 3 yrs. Importing & Exporting is a breeze. It's a great app with a GREAT Dev team keeping it up to date. Thank you. UPDATE OCTOBER 25, 2020 As you can tell from my previous review I was quite satisfied with this calendar but since the changes to the interface it's nothing but garbage. I will be contacting the developer about these changes today. See what happens.",,
gp:AOqpTOFakxu3gWh-2RXtG_kTxkZq69V7ln1ouTMUrdbf5OhNz_KfUO_LiyMHoPDJkN_3sYr0MdYA4TZR09chpQ,"App keeps crashing when launching, couldn't even get past the title screen. Edit: After signing into the website version, tried to install the app again and apparently it worked!",,
gp:AOqpTOHV0dlHpbelrv4upw5xR558G8g9H8xPytJJmeLI4tdi9cStqHtDsSiUtJ_WjdS0m2F9KOGxNQmS1Yn-Cg,"Thank u, but what I actually want to know is what settings I must use to let the app pop up on the screen even if the screen is locked. Thanks.",,
gp:AOqpTOHbpnLHsOz7MQIhJDFFzVWFzwismZ95JbB8LMUqP8PwzS5hw-RRX2Ahl_qIn7trIj9C6Vd6TstJLYTwXg,Can tailor it to my needs and use it as much as I want or not. Plan it and forget it,,
gp:AOqpTOH-pH7SJz3kfu-JnjZorfpwh3GtcLl8Z1ShUhlL3-umtmGBv-msElP9xxgjaEdX98FuS9qjCTpugOUnBLY,"Cannot get any of the other calendars to show up other than my Gmail calendar. They're listed in the settings, I've got them checked, but nothing shows up on the main screen.",,
gp:AOqpTOFXn-iAItddsPINgXY3dhtJ3FGJ4WB8GN-7GgUlH7a3RbSW-bHJ3L4ggGjtn5oVW5FMAjUaKkP3oF2l7ko,Giving 5 star becoz its ad free,,
gp:AOqpTOF4qLYP9vSNhU9ifcGPCEgff4fGINwyBUvwoVH9qitov8Rr7QUiGwthhO_ZOOwFcC86TQVLvB5Ypyy8uw,Still figuring it out but yea it's been helpful and I'm glad I can cross off what has been done.,,
gp:AOqpTOGGHXLC6TbGRtx5njtQP6EOiI07u9MsVh3AJ-FtCfUryqA1RDiM8f3SJx9jNmFw0VWD3A2iDNz6hztwAw,Wish I could sync it across multiple devices :(,,
gp:AOqpTOHKr37K5JHJ8tCIFhg7Aqb7ncmAncAd2FWtkAKZDYztRzqlKd9C4TQwYJEYyIki89AuBno0RsHjHvAb8w,It's nice to have an app that keeps me off my phone. Ironically. Anyways it's cool 10/10,,
gp:AOqpTOE1zygNLuhbD8AK87WKa2NXfQNkFYs1PNnXpWQlf7bE7eRXQ_OZZuLdvWiIyzKJtBtpbiXti5J2LRAz,"add check system, count system ( how many times) and timer ( count down and count up).. then no need to use other apps...Tnx",,
gp:AOqpTOFVtagdzMVCSRIitcbwxg5T7_WK63fCDm7jXrhaOcteKQJ4vIWBDkSd5jNvV3HD-p1-R_fXu06oMZlEYw,Made productivity really fun.,,
gp:AOqpTOGeDbXXTIdhxOM0eIaNMda2ensPHQGeAqvzYrz9jumgyFBNLsXpZa8qkB3egUvQnQWsSmCei1NDoKo80Q,This app has a fantastic concept that being an MMO style game based around your success in real life. The game is entirely server based and I have a good internet connection but the app would constantly disconnect. I would like a single player mode of some sort no need for like a story or something just something to see your effects in game. So because of the insane amount of server issues I have experienced just using the app for a little but I could not recommend this which is a shame.,,
gp:AOqpTOF2wyGo8btCuLLH_cd10axFRvlc4er3IYiZwjtva-lDf3_rRtj3-TjY5vwDv9mYFX0siKujrZGXAdByyg,"Hey dev, please bring back old UI in quick add widget... This new update does not have faster and efficient adding task event... Old version was perfect.... Please i have been using anydo since 4 years.... Please don't spoil it..",,
gp:AOqpTOGLPZ1aaUEA5IMbDguBI-XNOGdP37WOkctY4rLVObMropMIJ1ZHMskaKpKicDAHJc8EUZy-uqNzYcT26A,Having some equipment related bugs,,
gp:AOqpTOHhRsbygj7PrAJdvd3-9HXisbaiZLShzuy0TCq8YtVs11Hbg2_7lcPrdKpObj55Bnji0iyjaqduPywvZw,I put an event in and it doubles everyday. Fix the glitches this is a great app otherwise.,,
gp:AOqpTOFsQnqeEHWSZUd_O7wL8XxUfI8IDzCYcgjRHqjkNXI9jeV1_zI5pUSsjePo1hf-RZF7a5V7JlFfgQgrqw,This aponit the best. I think it's great. I love how you can set tasks and reminders.,,
gp:AOqpTOG0aBeIE6PmTlo6UxyXjwrxfZBEcu9MDOafCn0I5RScqni_7wfrNMpck-tBoTa_p4q3Z9f7qu0aXL8y,Crashes when I customize my hero status,,
gp:AOqpTOGsgyD6GtrtRB826W_vic-CB_BGwU6pXOkn9wDuK9uiPZpVZkhGJVGRNxFC5L23gqRjUA9uZde9wNioBfw,The month pop-up in weekly view doesn't work... Not sure why... Otherwise I'd give it 5*.,,
gp:AOqpTOHeHP3gAqtqkot4iiPfHyoc7s_poLVFX0WXxHs16WBx7h24hGduH1TtE9Sljd2vZ5oYtm5xbcM_3WoTV6U,Finally!!! After looking for several months I found the perfect to-do app that is ****not annoying. Thanks Microsoft,,
gp:AOqpTOHd7Dh-YvR0S4YRHtBVYPVbQmaY6Lr1T6Pi2wsFl1J_pz3qUdALO55dEOhjuoaKHRKXYaOWTvaRvqwWVw,The app was working fine until I removed Google Now. Now the widgets will not show on home page.,,
gp:AOqpTOEqWHdCgzHKlIZCrhYY1FuUdLZQ0b4Q_dVOz2p2eAlQG9WoFoyMRAGHJA23oaN4HtrftfEBZ4dczMF6Ews,"I've had this app on my phone for many years, but lately it has been getting worser and worser. My main issue is that changes in events, especially recurring events do not synchronize and I have missed deadlines because of this. It's no longer trust worthy. Google calendar works find, so until this synchronization issue is fixed, I'm back to using Google calendar. Update 24-08-2020: Synchronisation of ""changed"" recurring events seems to be beter today; fingers crossed. I've updated my rating.",,
gp:AOqpTOHQ5Cniz5goAb0k9VhXMRxEO0Z_giF6zKso0jLRifnQ4ukAxczxP9uCNX6-6ffLzngga_8uy5jRGKMcuDc,Good program. I do not like the fact that months scroll up and down. This causes some confusion.,,
gp:AOqpTOFpe4gfZGIEpp81nuiuI-dO0fKzeEMq6djo0qbKEB0xp8vykX2Anp8AdjqMF5xIj-BVEwxHnKQ1TaiE6Gw,"Great app, lots of updates",,
gp:AOqpTOFep695jDm5sU1hlycM-rHyfjpR-DdYaagjQVpoW0TLI8d7vpeV6zslCDaHVZ5EHz-iff23a_crWdNkBg,"I haven't used the app in about a year and when I opened it now, I find that I'm totally enjoying the new update. 👍 Thank you for making the app more interesting than before. I went premium right away!",,
gp:AOqpTOENlpg7pH06mDfdn8ClFtXk2ybFSQyDfvRJxD4VX7gEdC7EpIc4CIdwfFUdcSJajz1Iyo3_u9o-TNcdhQ,"I can't see the pie chart style, just markers in the begginning and in the end of events.",,
gp:AOqpTOE8cg6XBKSAduG8dePclceUgtCdZ-NoV4pSa_yi_6SbAExY9OfnzEoAkfKoOt0xDSXH8Bh5MtCZ9rdyTA4,"Better than others but I have problem in the beginning, I'll let you know later...",,
gp:AOqpTOHDTkRb1Yxpgng4WRrWtnADszB4NcZTZ6TC-wItfItvLEraaPF7jK5YE1_0ufYikzI2ohnRvEiVAoNC4A,"Love this app, very easy and intuitive.",,
gp:AOqpTOEEaKL-dZ-VcWP_9IfOlln0ywwn79tps2dfHBeMmq3J8PH8H0vZRHy6Sn4FQcyCMxwkjlOYe_EUI2lsSQ,Great reminder for me! Love it,,
gp:AOqpTOEJZM_GCj_gPvBpZCYzxpWuj3fyy0TDh0_6bQyz5jD4i5uNbp5Iz0bSQfLy7y-8yAR1VIg-SeQpKiKQUg,SWEETY SWEETY Kumari,,
gp:AOqpTOHHX4BVINj-LP9drCO7dpyov_kSQXvDI0_xM2DR2EhAbNg_5vrWGqiU7bFYualS62tkzqt4xw4JSFVhtA,"Limited use so far, every time I i touch the calendar icon the app changes to calendar but will not revert back to watch face unless i uninstall and reinstall no back button",,
gp:AOqpTOF1V5wgkiRFdm_f--rYADOpMagPxYuUvkP90A5p_cwSO2WnoFA8p9DcWY6ijprUYyNK1jzoXNkVsnaeBw,"Everything works exactly as it should, it is user friendly and perfect. No nonsense and I would totally pay for this if I had to.",,
gp:AOqpTOFrnuKwXckIMkVBeWqumfK3c75245GCIjNIX2OZTKqkr7fZgTYYBpJISUSsbvmXHLLnb2vdeGHchnRZZKw,Pretty useful. If you sign in to your account you can see the same information on your Windows computer.,,
gp:AOqpTOGtW1V0Kl5-0WUfqcgYh41LpXDDSatqeYTUx_56AqB6XX6Gn3X4QfKm9tcSXD7ljWq7JeYiNZaTENRQCw,wew,,
gp:AOqpTOGht5bbpVdscq-ayempobDiOCpFUGhHOvJjZ4JygFP_1mOblAfUqEynu6z63pCYbhrui3Y49orNgWp9ag,"How it SHOULD work is fantastic and perfect for me. But whenever I have my schedule laid out and planned, the app deletes them or forgets them and i have to start over, only to have them deleted again. I really really want to use it. Why does it make it so unable to?",,
gp:AOqpTOFuIBM7fHo2T4uKF1rm5s45htEyGT10LQgNVxkqCINpjGbfrugjJK5826iuJ5Ctxsxheff-MMlsdW001w,Interesting and promising but not refined or intuitive. Chat function is one of the worst I've ever encountered.,,
gp:AOqpTOFr8n2WWcWZFPAyW0f-_GtyuEjmKmgh0iWLe17Y4hq2eqiBcpQcGJFS73lpfYVZM1LCtmbu2fuhlVDlJaw,Awesome and Esay to use.,,
gp:AOqpTOFUnJdsydlj1nRAtVFEW7kqKgvuFXhiBPxzmRJZL85yfZGxDnU-M3D-RNmRMth28yusu3ajG3bA8HNcBQ,"i really love this app and it motivates me to study,&i was really excited to use the cute app & the pretty cute trees,but after i earned enough coins i found out that so many trees can only be bought if i had the premium version.i was also upset when i found out that only a couple of trees could be bought without premium. a student without a credit card & my parents refusing to pay for it,i was really bummed & upset.i would have given five stars in the past when there was no premium version.",,
gp:AOqpTOHBZ1bBjn8SfhYcxHyRkfVUyXzVdDIKvlJmIBldjVmvPMQANZfhRAN6KsdiMdI-KX6C7mtF6kNDh7pcGA,Add pomodoro timer,,
gp:AOqpTOGNY_CZ5fsVkY-9L14Ilt3z4sj0ydjhFZEwl3yxc5XvqOE5whE1ec8RejzzQP7AXuMiCzEYny-DzFUaAg,"Good, and the most important thing: it's free to use and the basic feature is more than enough for me Been using this for 3 years+, keep it up!",,
gp:AOqpTOF3HhrXzgh62GmfaIHLXh-gjYs9KQryqgHyyNKOtw_X-fpQq5WPiVrZ3ZKxW19cNFZJXeV9TwdAHsHqXHY,This is my dream calendar app! It works perfectly with my Google calendar while also offering list making capabilities as well as meal planning! As a mom and business owner it gives me everything I need in a digital calendar!,,
gp:AOqpTOGcHAd-noiMVFUdMKi_eWRhY-S0I_6CZ2PuJi4JowjmvmU5Nux3r1xBizwxu0Yblm1ZXpFlJYNg1W4XhA,"I really love this app. It helps me so much to focus on my work, and seeing how my forest looks after some hours of deep focus is really motivating, despite that, I unfortunately have been having some issues with the app. I use the whitelist and I've noticed that when I'm planting my tree, I can access not only the whitelisted apps but all of the apps in my device. This is a real bummer and a hope you guys fix that, please! Nevertheless is an awesome app and I cannot recommend it enough!",,
gp:AOqpTOGqt35TBJ5XnVYVshH7rlShA6wSoiL-2c8CSgeNpfGs1ztUO1pBNu_4SeZhUlv2TWacwokYPQ5UF70ceg,Bakwas app,,
gp:AOqpTOEvmdl3UXOSXxWVwU2OToPDWMM_S__SfJ1Yxx_h7ZemTvUP1Nutvz4DWcBpgLz5prjy_XSDLthVr8Nzlw,The chrome extension is awesome but not the mobile app.,,
gp:AOqpTOGPEaw7PDyIw_Qu5TfDL5D_RhmKr1MVJwpfpUiGyZ4LkBczp1ygqMEuknSbnfHdmY-YT_UByn_V_d7Enfg,does precisely what it is supposed to do,,
gp:AOqpTOFrXP-GDtSTvQWdipouS8p9DRzkdsmaIPWBV_d902aeCXaSVLL0ok3AxTdgCkbnD_2SYNg5Hpe8WBhd6Q,"i love the ideia but the executation is not good, i want to put reminders for every day and know what i need to do in a clock like that, this app needs his own callendar and clock for we customize without messing up anything on the original apps in the phone, this need a every day reminder, routine and stuff",,
gp:AOqpTOHFwVlFCOFC8W2eBRb4l38H-9oj20w8vHYoIi-TNdJvi7-R5Jy8AVSyayhaY7fmBD1cyB68qEval__A1g,okayish,,
gp:AOqpTOH_0iMB_1lzqZpbJxcX3siKJgdTHBH-28BlDndLZmadny_B6a09HsYSroFVS-wOej_GU_yRiL-2qZWTwQ,it is so far a good app hopefully it keeps me on track,,
gp:AOqpTOEx4edMeMgAXrd5woCbZgVMJNvgm8OA8AjARwiYuAMT67o4fit8yEMw33WXfkIqWcXaXxOxm63ixXbrGw,"Hmm, I just don't like it",,
gp:AOqpTOGpOE-dNi1pYx3BO5slkbu5JV-AmV3v6pI2VRm0cEhQiyeAgX-pJYzVMb8YLNUTrQfj7403tr0QKoN1ggg,"Good Clean app, No crash issues. No data loss. Easy to use widget.",,
gp:AOqpTOG9RNMMUWXPDUnevXL-F5v-opqveBBztZncTx2TSP29VRWwji_77NaAn39M9OeEd7rpfhdXvqiOohTq3A,"Useful app, but with the latest update that incorporates language automatically into setting the time, it will delete times that are part of my reminder. For instance, if I want to say ""go to a meeting at 3:30"" it will delete the words ""at 3:30"" and set the remind to 3:30. So if I wanted my reminder to tell me what time the meeting was, I can't see it anymore. Too bad this option can't be turned off.",,
gp:AOqpTOFqaaZIFARKxwUZwdxHgodi-fhKENyPq3M8ErG0R7B67o8dkY-KL5a2QOE9GCuBc_GXnI_-ssu9_tyIUQ,most trees are premium now sigh,,
gp:AOqpTOGEfOhtWUQUfUxGMV1MIfhdnOdTzd55rdaOeeGXUlner-gKyJCRbEfvkY3pOhselJAr5B4fhlg0H8N0t8o,get new promotion to be pro short-term but app doesnt tell how long for this promotion,,
gp:AOqpTOFez1DUkw-qqOGZjZFBeIBpKJ3BCqbBrku_cbjHdYb5x4vF-SKP1YxYL63EZN3DT3es5pGcx0OjeQR1I40,Half baked nested tasking feature has hugely impacted the usability of the app. Reminders and repeats are completely messed up. Don't know what is the purpose.,,
gp:AOqpTOGMcJ_6EB3ZVTXbXxmTRwhU65iyDGoSDCKk5SJzWp0vByeA3m0w1Ov--z-loOM5_heXqO_aeg1xIgSkEQ,"Updates made that are not fully tested. They need to add option to revert back to the olddd verison. that was simple to use, but most importantly it worked.",,
gp:AOqpTOFLjtOGEeFbOgsEQ-hpnyE5AmvgNlNlzkuG3Mst56syguG3UGaTOlrYWzF2wSSv-QO-HGPtziCNwVIhXa8,Does everything.,,
gp:AOqpTOHAuiJtOCsLE5gnS9X2gm8UeozixBAB0he6yIRzjGAgRM8b6SfKKCK8paHIRsLCjzazZXWsOn5ZPZYDvA,"Overall not a bad app. For the first week or so, it gave me notifications when it was supposed to, but after that, it's almost like it forgot sometimes itself, e.g. notification on Saturday when I set it for Friday. Reminders for things I have set daily don't even come up anymore, but it remembers to give me an display-over-app notification to remind me to set a reminder. Also, no push notifications that take you into the app so you'd have to do it yourself. Sub-tasks are my favourite feature!",,
gp:AOqpTOHgO--cuc8yqb4aw0cQw0TCGBQq_eqRMSeo7K-hBKzdA1EmHuum8eZPngfRrsM_usLjfDhSxkZr6zOqbw,"I love this app, *but* with the disclaimer that I don't like how it syncs with google calendar. When I synced it, ALL of my todoist entries showed up as calendar events, making it impossible to use my calendar. And, I couldn't un-sync it. So I ended up having to completely delete that todoist account and make a new one with a different email. That was some time ago (two years?) So it's possible the sync function is improved.",,
gp:AOqpTOGr84Z8FHpAhUJ60iTgvh_YjHuXU1Mc-fFwsIVS78XYgDEJp5PeFfzY2HHMazo-4aLi-4fqHLhhULdVrw,I love this app. Keeps everything organized and is so easy to use,,
gp:AOqpTOH1AHGE8ZUKsJB54DrH7KYDSoxErWXgRldAPnQjBgZLTWf1_gbKHtkpKK_6h43DmiAd5ShoOEkv9mYxYhk,Does this app have auto sync with Google account?,,
gp:AOqpTOEk3z9_gZPdrmoL9BWwLIbWc5J3ZW3urh9Xl6-r92LZlH8basUg0i1VsqlL3fB4unxERLiCAnmIStW5BA,"Very good app I enjoyed using it, I hope ut has more expanded time and theme",,
gp:AOqpTOE6GYbK18YsZGzcmFykk7WwbOAelDyL7WcABShfAFyzHnjlZ1NW-tfv9ikw9yrchXwSj4mWD25iy69stA,"Really cool idea, but not supported on my Wear OS Fossil Watch (Gen 3). I was able to hack it as a watch face via the Wearable Widgets app, but it's not optimized. Please add watch face support for Fossil Wear OS devices!",,
gp:AOqpTOFVEmv3mKsiDURLoJ0573Cl5-YhlOHcNX63YhB04vCYBUyJHS0jjWooxXyzGT87Ycdq8Dax4K1xR30PFQ,I uninstalled because the app was a little confusing. it has a great idea and all bit I just didnt quite get how to use it...,,
gp:AOqpTOFJ9zrEj9GFjivTfMPq5_uGg5SwS1KYErSA8RlnXuVRfulytq4R1Se6UBehmbZ0U9CP_U9Jmujw2guSEH8,برنامه باگ The bug is popping up all at once,,
gp:AOqpTOHyiGdacD0-ggn6IDHYFNRQQBkzZzRsEubYxLE7uVZ8qyNbCJ0e_WzbhFeLXyuht8doQBZJsK-0XZChOQ,"Great APP! Detailed yet concise (with only the information I need). Amazingly, it is packaged together with one APP so effectively.",,
gp:AOqpTOHYELV1Qt8JHim_IqfIwK2gX8xBxJ1wMYJhUR3G2ttZMRYMUP4xecKmWvlAr0c3MA6-gHqbHzjFb9nBMA,Bug was fixed. This is for Samsung S10e and Note 10,,
gp:AOqpTOGM9JwcEZ1NvdrGvTCQ5eURp-tqtVav5WgEi6wqRgGxpYCUbn8kWJHfzeVwaBRuznTs7JaN6ZKmGJ3FAUg,Missing snooze ability. Other functions work well.,,
gp:AOqpTOGk5NQLpXd58SqeiuegDT3ZPHfDZZqiPJCb-FrP7qappwkcTHUHQlG-DbiYzdxGN1NLceq5zSO_xcT3vw,There are lots better calendar/task tracking apps out there.  Calengoo to name just one.,,
gp:AOqpTOEyRLnU4AqU3oAJEDcBIb7fyn90CiXJ6TGuMMhA4jkvPfkMbjVv-o74XKaZs1eZvm_oEg-mPM9D-DMELJU,Nice app. You can organize tour day. You will not forget things anymore,,
gp:AOqpTOFKtt_KfwBpwPKwdJnnodOvtodb_0duw1r0bznRmpB80_VtnyvNuCnRNGeTCeadYuCx2UbNxeAY0eh8Bw,"I adore this app. For an absent-minded-professor type like myself, having everything I need to stay on track and show up all together in one place that can be accessed across platforms is an absolute lifesaver. The UI is really well designed as well. Highly recommend.",,
gp:AOqpTOFu2lVVaZbFvFROkdCCIYwwsrWiWWAVTgpsF1xujoNU2l0CchBWVYxXvZ3U0u_k4GYvl7gd74nnLHsFbw,I love this app. It provides me a method to avoid distraction. But ever since they locked most of the plants with a paywall I don't know about that. Now I can't buy the plants that I want without paying.But I understand they had to do this at some point ☹️☹️.,,
gp:AOqpTOELPUX6bddDnE1pb8JsWJIPmmTm1HGZsDTnSfdZBmqTl_yBrnKiRmn-VLaB7wQveljUphoQSYP-Op3Mqg,"I have been using Habitica for quite some time now and i must say, it has been the most useful in helping me establish a structure to my day. HOWEVER, the To-Dos are very limited in its functions. It's hard to implement a full task management (such as GTD methodology). It pretty much only supports next action steps, not any layers such as Projects or Waiting For. Also, syncing across devices can sometimes be problematic I hope they will improve the To-Dos and make syncing smoother.",,
gp:AOqpTOF6jdGYkLbYA3wi1o0-el82p457bO1p_J1j1dpOYzBQroJN8tNkwPIMjZaW9oS2wlB_50iNFGHQNwn26q0,"It's good for calendaring your goals and accomplishments as well as seeing others, great app 🙏",,
gp:AOqpTOHMJzpmbZbptV_BS6jkhIgOUpnW7BJT8mtiF-szc_QIhivIXMJqCXJtPn_PxfsZ9ho0tT9OApmjKPG5Lw,Very useful app for routine planning. Loved it 👍,,
gp:AOqpTOHqEI5IF5MP31HV2ANdZM3PGDPdjWCuAZQA1ybMoEeOEw0irpmWlTYA5jeAvLkrteaZ1TcIaAICkVC4k2g,Less past-it notes. Thanks,,
gp:AOqpTOEEKTWX38N2LhgMQZZqq7CgcKhKsNhPDbxTMYCtFUFB1lEeVbGGc8GYGXoiXua9fcgZwbCQyFStUurO,I'll give it five stars when the widget stops resetting to nothing after I alter things within the app. I have to delete it off of my screen and put it back on in order for it to update.,,
gp:AOqpTOFoWOOhM0GYFpb5KCSrrTW3BXVLgtwbB7cCtwR18mYPIAgabe9SSqLWUudwU9JsNgRjWfjsNz4i_isqVlE,"What happened??? This app was working great until this latest update. Now it's losing tasks left and right. Lost 4 today!! Please back out this latest update until it is properly debugged. Update: Other reviews gave me a clue to what has been happening. It's creating subtasks! I now have 5 subtasks I never wanted, and linked to totally unrelated tasks. Further Update: Sliding is what is creating subtasks. It's too sensitive and it's impossible to NOT slide while pressing to select a task!",,
gp:AOqpTOHcP8JWQRM1O4Rd_9yzwWNeaQWNSNi-3xUaBPVXP_qyQWx_gMhFl6Cup1-T_n9HRSvJQQCpoMTIaStReg,"Amazing app for concentration and motivation. Would really appreciate it if there is an auto pomodoro function i.e. 5 min and 15 min breaks between 25 mins of work. Would seriously consider buying the pro version if it is available! Edit: Instead of improving functionality to incentivize users to buy the premium version, they paywalled most of the trees. Kinda beats the purpose since there's no incentive anymore.",,
gp:AOqpTOHEAgqJdXNSJ1pDQxxs9ixrMldemVtZCAlYDeZQgzlhQiL_0IIq_8SFcbWtPjIpnmagjsbukyYEu9z5mA,"Too casual, cannot create routines for specific days only. App assumes that every day is exactly the same. Stats are random and don't represent actual skills. I prefer life rpg + time time + pomodoro app.",,
gp:AOqpTOEUulzOo-8_MsQdJbX31jfxDb8WKZbHNmBpuuMLaMU3sGtzw_WkQZuUl8umLEDM-Yck4WgUxpLLV1iIGA,I have never see such wonderful application before,,
gp:AOqpTOEkGY1YAdVG3NnqFzabgxZjmdfun6AlBE6bUaGH44HdcuN0d8pqHUKvZaC4kDR4T2f2KnE_DsBslXilm-I,"Find good app. Buy good app. Copy some features from it. Ignore all others. New app doesn't do half of what the old app does. Kill the old app to make people use new app. People move to other third party app. 10/10 development strategy, well done Microsoft.",,
gp:AOqpTOHN676eP4iQNgnjW386A0ViBnyBR8awuURu92ywXtl0_C-llWmWci_1Rol2jKRLe5HBNrVsAY6QOLFxjA,Butty,,
gp:AOqpTOFmh0eeIjeOFMUV5nh980_YJ3cqmpfBHNYi8dpXS-jAlepsPT5slX3tCh4gWPtSDuE7Wkae8Frs1CPbAw,Do i need to pay?,,
gp:AOqpTOGyBdPBYnrJYSZ6jVXe0V-JoQfvsi8R85XlPu5kHG5GmvXFE_7MxUELwlEjGHC-dwPM3mPRe_3NY4k0sA,You wont steal my information right?,,
gp:AOqpTOHG114Xh4kaOL0FrhdPM3Q3xz_nGd_XCF2R1ne1w8QI20YPOM0g3X42Y5Zjku2wCHtvtmkVa3u0TKVSEQ,Awesome application to manage your tasks. You've all required features. Simple yet effective interface Thanks for many such nice and making everyone's life easier,,
gp:AOqpTOFDgVCQH2Uqnt6b0eE6qc_8ZLvft-uN6PtpZF7UyPQv_FPrai1-haNAEeZvP6NEwSP_UGcZOjfplC1lQ3g,It's good... marginally better than the one that is standard with the phone.,,
gp:AOqpTOGRiyVAJ-a3p3rJjrgjaE86PQIu6URz_D0dLRfkVqZt2JK45DWVtyXNYfQBPI2TmSSgql3jRMeT7v3Pew,"why do not work reminders repeated monthly at all? one-time yes, repeated no. what is wrong?",,
gp:AOqpTOE07lW4q0S_Psv5LOlhjx0-bM39VVriPuhT_nj61JfbbiZQ1BnKlestMK8IA962MSyoelR06BJZdJ42X8E,"Not the old Palm app, but still usefu l.",,
gp:AOqpTOEKVaAkSp-C9tkd9vwRUNPo7KlEZiw0hBuuivudBn4NXe7dEVHcWL5GFLw3QpwlwCJZ0ZfAu1JDMUImBg,I love that's application but l Will to be in spanish version I love that's application but l Will be like to be in spanish version,,
gp:AOqpTOHEKJqeGCEKjwYeFs1rgwiLaLadPMUwbbzp2z0BInTG5L7DO8h6Xf2sue1ZmsPKpNWjYvzqsezco37hDw,"Would like to assign priority rating to each task (A=do it soon, B=do it later, C=low priority, Z=take it off the list)",,
gp:AOqpTOHJHLEVjByXT89N9b6sXjtsMIcjwoF-qkdtI-VnwJQkucsJ6JF6xWzHs854BSibZrsoo4XATxwNBSRFmbM,"FYI, Adding more reminders is not free. You need to buy the premium version.",,
gp:AOqpTOE_qsQx0OBu5seQ6J1dy3h-JecXr4GKbK-NS4-r3HJegbQfnCA7kEuPgLhGL95rA7sE7zqeXinJ3NE-K94,Love the app as I am one of the migrated users from Wanderlist but have been a bit disappointed with the following after using To Do: 1. Option to change from Task list to pure check list. 2. Can't install the App on my PC although it is already on my Android phone.,,
gp:AOqpTOHY7wLODpdZqAYS5ktdLKpFgMDXD0n9Z5PdVjvzsqz-JhmKzDDbm3yRjKMpCy7MvorORQIFBYWWmkM2Qg,It's simple and easy to use but notification often doesn't work about 10 times a day.,,
gp:AOqpTOH872oebPtX-MeXuvmB4EsfakARGXLN6zl-hcEXG3gJv4ZLZzY5iUZXm-wKHwRC1hq2dyf3s4Vb_Je1TG8,Love it! Helps me to stay organized so mych more. Love the detailed features as well!,,
gp:AOqpTOHI4mWSD-O2JTkQY5osloB1Fr4olSjZZOoe5R0E6m5nHeRILbZXygu02qxguFS8Rc0kegU2O7g6F1maKA,"Latest update is super buggy; can't change if I want my dailys to be every 2 days, 3 days, etc. because the keyboard jumps up and immediately disappears. Really annoying.",,
gp:AOqpTOFxIKh9kjM6UkZ5H9ZYZxoGBpvwu4x50wV2xjW8A-d57mSFaAkgsY3OydoHYn6sd3bFLaDji4uZhSCbnQ,Its good for me and it really helpful,,
gp:AOqpTOGWBHGw-NLiRU7bXDv0e20JOE67gDF2GytZWUWgH1Gnk4nDIHQ0slDAvy2dVrFK_0TA6dP7rc-zwWHTYA,"This app has blown me away! Rarely if ever rate an app, but there are no ads, and the free version is still incredibly highly functional... Just so impressed- well done to the team!",,
gp:AOqpTOF5sD-BiyzpBjNzRBkdCu1ACO34skuP_-2g6_6YzIE1PEQ1sslwLjPsQI3k2xuaizRFEuQvUdao20Ickw,"4/5 , it deserves a 5, since it really helps with staying focus for a period of time, yet I would suggest to somehow overlay a social place in order to focus together with friends, and that if you paid for the app(which I did gladly), get more currency ingame. Kinda sucks to pay for premium and still need to grind for new trees. At least open a few more for premium users so they would be more motivated to unlock more trees.",,
gp:AOqpTOFsR0oDTQmAaRMq5sNpW0AEhtIyL9qDxKEj-vODC17DSvkt0r7oYAwUiSOMoEXQEGvcMwtM5qE_Z1hT7Tk,"Used to be a good app, now it's all buggy...",,
gp:AOqpTOFEhNgO7LNTxWnmzCQWo-jLdnXSePrG5o5AZvEup_oqpjoxOWGkYLiR_ohwjl8-LwRJVjQyVz38iVEz,"Perfect for people who want to get organized and desire an app more robust than a checklist. It has profound customization ability. The reward system is more complex than competitors. For someone with significant attention issues, this has really helped me to feel invested. Subtasks and autofails are great features. Would be 5 stars if developers: 1. Allowed subtasks to renew as collapsible tasks not just tied in 2. Made tutorial/videos. Full functionality will be a learning curve for many",,
gp:AOqpTOEZyu9G5rq0_-nG41e-4F1Lq_yB5riUbb_mDBjf0p5wTRr6yA8oFZikJmjU7bHa1aag-eFBciUAQlvmx4w,"Very nice looking app for tracking habits and tasks. Have already replaced my old task app for HabitNow. Glad you can purchase the premium version and not have to buy a subscription like many other apps are now doing. I've been unable to figure out how to make tasks repeat and modify the schedule of existing habits. If these capabilities don't exist, would love to see these as improvements.",,
gp:AOqpTOGMzfIbp6WXJUkMYbo9o2HSlfc-x8eRoyOiUXz8zovicNzyDb71t2HJWNU66WZinrMpc26-BUW46_jRvA,"This app helps you edit your routine anytime as per one flexible time.This is very useful for people like me who find it difficult to follow a routine but helps us to be on track and guides us to know what to do next. You can alot time at irregular basis eg a task can be for 20 mins whereas the other could be for 90 mins. The notification are at par and do good job at reminding us our next task. The information that one needs to fill in when adding a task, is accurate and is easy. This app is the best one and would not like to replace it with any other to use for my studies, also for this reason i would be looking forward to an app for the PC's or at least a web",,
gp:AOqpTOHBiDtlgdNnVxB_tmFy3gDkaJ021LsVpFR0nHLKNXwwf3pAji3KA0T0JVBX8N1BjM_MuH_47nat5wtQwQ,No pop-up reminders because we use planner as we forget.,,
gp:AOqpTOFuILUgyo6ZB47CkeCoeXYi6HXdIOi-0_CHmdNYkDbqnMJ1c2dYgFaqDDw0nqCQfNX8oM9my8FfpNG63g,This makes it very easy to get a quick glance and understanding of my schedule. I love how it shows how much time is in between and before an appointment. It makes life easier to plan. Great visuals too.,,
gp:AOqpTOGit_3nbcfRLipeOyaQRwx6tBGFfZmJD4MMuUkKZOL4vpKw8nHIMmr0-LZpduVy3QJSXaCS8Wa8kpzmUw,Bed application,,
gp:AOqpTOFLYki4JNiPFjxsfl3LO6oaxIRYmvTRjmOs68tFFnScBiAWpKQeChJh9arbSZrOqEsM4VFdpFF_BvYnCw,My organisation skills have never been as good before I used this app. Its on all my devices. Makes sure every day of the year is not wasted,,
gp:AOqpTOGkSegA8OGTP2S3K3GarjXOy4MXH_3Wbb3wsR7j0wI7jRc1UQDv88lA6YM5tRcoiwQBltE2U74V2RcD6w,I am in love with this app it is so useful because I am a giant perfectionist and I have looking for the perfect planner for a while,,
gp:AOqpTOGs1LGQdj-gcYNoAG7ERATUIibocGW5Tvd-u1L54W2uoqeWTbzH8LgYNcJxS6eJlIJp35FKt-B0O1PKFA,"Has advanced features, and a simple interface.",,
gp:AOqpTOFg2XcH_Bvs4BppP_qh2XMC0s1ii1ud52BFWFAVwQYfr16T3wB3dBEqoPHc70ZsK9XqZzfuTlvjbbnd4w,Strange thing. When I mark recurrent tasks as done in web desktop version into the Upcoming section.,,
gp:AOqpTOF7UqwfaGiz2jDayIPRfccT-KCgrndMkNhI9_gTk2W1-Pl17bTr_qOk9wff7NjhxH_ic39-Chm6Z58rhg,Write down something on your mind and come back to it later - life saver - store all my thoughts and important revelations in the app to be worked on later,,
gp:AOqpTOG3I1YX51JdkgCIvr0G4pJzhqJgog4m4RXsbRcg8m7gO-y-ooPx_53Y7ZUd85VUqdnvfiaNSjPBNWi3pg,The concept is absolutely amaizing😊 but the procedures are very complex...😅 Can you plaese make another app with same concept👍 and with simple procedures...😊 [In simple words... Please make a simple app which has concept of gaming type rewards on completing important tasks...🤗],,
gp:AOqpTOFX27qJJhUu_gBPQDDz3M1wNPBXr45R9vQpylSKKncl6bhBYll0ToEFxt1mSMDA7bIDhM55UT9uk42wQSA,"It's impossible to sort completed list, it's very inconvenient, I'm waiting for this feature for 2 years wo any hope for a success",,
gp:AOqpTOFREi9BmfkLdVrj7rpzLvfN7t9EX7ddU1kewm2j1lvEKCV2RroiPZp-fOiMjTwbn2O19Rjb1dbbklqw,This app is really great. Easy to keep track of all my many activities.,,
gp:AOqpTOFr6s1CS0WzDnG8PJO-FmvWN9KvtuTSeUyljn-r81NgL03SBneNo_Ntr18NZoTkgrZxeueiBh8S4ipTLb4,"UPDATE: 5* still. Note20 Ultra. UPDATE: 5* again. Note8 now. Long time user here, on Galaxy Note4 now. Love the new design, but hate that I cannot fully trust it anymore, especially with templates (which used to be a big plus for v1.0). Specifically, on several occasions (and more than 1 template, it's not a settings fault) it will assign a random date to the event - for once, but not always, it seemed to be the date when the template was created?! Will update/upgrade stars when this is fixed.",,
